label,text
Intellectual Property,Such usage may not be sold or transferred.
Governing Law,This Agreement is governed by English law.
Payment Terms,MSL's target is [*]% defect free production.
Assignment,This Agreement shall not be assignable by Consultant.
Intellectual Property,FMI and Roche shall jointly own all Joint Inventions.
Governing Law,This Agreement is governed by the laws of England and Wales.
Insurance,Oak Ridge shall arrange product liability and warranty insurance.
Payment Terms,‚Ä¢ Minimum yearly purchases of [***] units on each contract year.
Auto-Renewal,It is established by calendar year and renewed tacitly every year.
Governing Law,This Agreement shall be governed by the laws of the State of Iowa.
Governing Law,This Agreement shall be governed by the laws of the State of Texas.
Governing Law,This Agreement shall be governed by the laws of the state of Florida.
Governing Law,This Agreement shall be governed by the laws of the State of Florida.
Liability,HEMISPHERX will have the option at any time to buy out this Agreement.
Governing Law,This Agreement shall be governed by the internal laws State of New York.
Exclusivity,The Vitamin Shoppe is the proud exclusive vitamin sponsor of drkoop.com.
Intellectual Property,"Upon written request of ArTara, University will assign the IND to ArTara."
Auto-Renewal,Contract is renewable for 1 year extension by amendment to this agreement.
Payment Terms,"All interventions on site are subject to a minimum total charge of $2,000."
Governing Law,This Agreement shall be interpreted under the laws of the State of Nevada.
Termination,LICENSEE may terminate this Agreement upon ninety (90) days written notice.
Assignment,Society membership rights and privileges cannot be transferred or assigned.
Governing Law,The Master Franchise Agreement requires application of the laws of New York.
Liability,Both parties will not have liability for any damages other than direct damages.
Governing Law,This Agreement shall be governed by and construed in accordance with Swiss law.
Payment Terms,The Distributor's single purchase order amount shall be a minimum of five units.
Governing Law,This Affiliate Agreement shall be governed by the laws of the State of Delaware.
Assignment,This Agreement is not assignable by Agent without prior written consent by Kallo.
Governing Law,This Agreement is to be construed according to the laws of the State of Illinois.
Governing Law,This Agreement shall be governed and construed according to the law of Tennessee.
Assignment,Title to all Joint Venture Property will remain in the name of the Joint Venture.
Warranty,Supply of drugs/medications and spare parts during and after the warranty period.
Non-Compete,Agent may not offer or promote competitive products without the consent of Kallo.
Termination,Either party may terminate this agreement by providing Ninety days Written Notice.
Termination,Either party may terminate this Agreement at any time with 30 days written notice.
Insurance,To be covered by the Seller for 110% invoice value against All Risks and War Risk.
Termination,Any Party hereto may terminate this Agreement at any time upon prior written notice.
Assignment,FCC may not assign or delegate its rights or obligations pursuant to this Agreement.
Insurance,Sponsors must have their own liability insurance with limits of one million dollars.
Termination,Client may terminate this Agreement on thirty (30) days written notice without cause.
Governing Law,This Agreement shall be construed in accordance with the laws of the State of Kansas.
Intellectual Property,"Inktomi, and Inktomi hereby irrevocably assigns to Microsoft an [*] interest therein."
Auto-Renewal,"License Term Perpetual, unlimited runs x Other: 2 years Commencing: November 15, 2012"
Auto-Renewal,"Thereafter, this Agreement automatically renews for successive terms of one (1) year."
Intellectual Property,An entity may transfer its right to use a certain piece of Software to its Affiliate.
Termination,"After the first year and upon 180 days written notice, Reseller may terminate the AMC."
Governing Law,This Amendment shall be governed by and construed in accordance with the laws of Japan.
Assignment,Neither party may assign this Agreement without the prior written consent of the other.
Termination,Either Party may terminate this Agreement at any time prior to delivery of the Product.
Termination,XFN may terminate this Agreement by giving thirty (30) days written notice to the CEIS.
Assignment,No Party may assign this Agreement without the prior written consent of the other Party.
Dispute Resolution,The parties desire to resolve disputes arising out of this Agreement without litigation.
Governing Law,"This Agreement shall be governed by, and construed in accordance with the laws of Spain."
Governing Law,This Agreement shall be interpreted in accordance with the laws of the State of Indiana.
Governing Law,The laws of California shall govern the construction and enforceability of the Agreement.
Termination,Either party shall have the right to terminate this Agreement at any time for any reason.
Termination,Either Party may terminate this agreement for non-cause with a sixty (60) written notice.
Governing Law,"This Agreement shall be governed by, and construed in accordance with the laws of Taiwan."
Intellectual Property,You have no right to sublicense either the Proprietary Marks or the System to anyone else;
Governing Law,This Agreement shall be construed in accordance with the laws of the District of Columbia.
Intellectual Property,"Publishers grant to HealthGate a perpetual, royalty-free licence to use the Specification."
Governing Law,This Agreement shall be interpreted and construed under the laws of the State of New York.
Payment Terms,"plan_b shall pay LICENSOR a share of its revenues as set forth in APPENDIX 2 (""REVENUES"")."
Termination,Either party may terminate this Agreement at any time on prior written notice to the other.
Assignment,This Agreement may not be modified or assigned except in writing signed by SRP and Logan's.
Termination,This Agreement may also be terminated by either party upon ninety (90) days written notice.
Audit Rights,"All such information shall be available for inspection by Erchonia, upon reasonable notice."
Assignment,This Agreement shall not be assigned by mPhase without the prior written consent of Lucent.
Assignment,"Any other assignment by the parties, requires the prior written consent of the other Party."
Governing Law,This agreement shall be governed by the Laws of England (English common and statutory Law).
Assignment,The rights and obligations provided by this Agreement shall not be assignable by any Party.
Intellectual Property,"Upon termination of the Agreement, VerticalNet and Impresse shall jointly own all User Data."
Governing Law,This Agreement shall be governed and construed according to the laws of the State of Kansas.
Governing Law,This Agreement is governed by and shall be construed in accordance with the laws of Hong Kong
Governing Law,This Agreement shall be constructed under and governed by the laws of the State of Tennessee.
Termination,Developer may also terminate this Agreement by giving two (2) weeks' notice in writing to VAL.
Governing Law,"This Agreement shall be governed by, construed in accordance with the laws of Ontario, Canada."
Termination,Either party may terminate this Agreement by providing [*] month's written notice to the other.
Auto-Renewal,Without notification the contract will automatically extend for an additional month of service.
Assignment,This Agreement may not be assigned without the prior written consent of the other Party hereto.
Governing Law,The parties hereby agree that this Agreement shall be construed in accordance with English law.
Liability,"In any event, neither party shall be liable for any special, consequential or incidental damages."
Termination,"Either Party may terminate this Agreement, without cause, by giving two (2) years written notice."
Assignment,"Berkshire may not assign this Agreement, in whole or in part, without Auriemma's written consent."
Intellectual Property,"Upon termination of the Agreement, VerticalNet and LeadersOnline shall jointly own all User Data."
Governing Law,This AGREEMENT shall be governed by and construed under the Laws of the Republic of South Africa.
Governing Law,This Agreement is governed by and construed in accordance with the laws of the State of Virginia.
Payment Terms,The revenue from such occasional use shall be shared by the Parties in accordance with Schedule B
Dispute Resolution,You shall not directly or indirectly contest the validity of the ownership of the Licensed Marks.
Governing Law,"This Agreement shall be governed by and interpreted under the laws of the State of Florida, USA,."
Termination,Dragon may terminate this agreement without cause by giving sixty (60) days written notice to MMI.
Intellectual Property,Data relating to the use of the Co-Branded Pages will be jointly owned and shared by both parties.
Termination,Client has the unilateral right to cancel this agreement at any time within a 7-day notice period.
Governing Law,"This Agreement will be governed by the laws of California, without reference to conflicts of laws."
Dispute Resolution,Detto shall not contest the validity of any of the Property or PivX's exclusive ownership of them.
Intellectual Property,No license granted by either party under this IP Agreement includes the right to grant sublicenses.
Governing Law,This Agreement shall be governed by and construed in accordance with the laws of England and Wales.
Termination,Tripath or Distributor may terminate this Agreement for any reason with thirty days written notice.
Governing Law,This Agreement shall be governed by and construed in accordance with the laws of the State of Iowa.
Governing Law,This Manual is governed in all its parts by the applicable regulations of the Republic of Colombia.
Governing Law,This Amendment shall be governed by and construed under the law governing the Distributor Agreement.
Governing Law,THIS AGREEMENT SHALL BE GOVERNED BY AND CONSTRUED IN ACCORDANCE WITH THE LAWS OF THE SIATE OF TEXAS.
Governing Law,This Agreement shall be governed by and construed in accordance with the laws of the State of Texas.
Governing Law,This Agreement will be governed by and construed in accordance with the laws of the State of New York
Governing Law,This Agreement shall be governed by and construed in accordance with the laws of the State of Florida.
Governing Law,The terms of this Agreement shall be governed by and construed in accordance with the laws of England.
Governing Law,This Agreement shall be governed and construed in accordance with the laws of the Province of Ontario.
Governing Law,This Agreement shall be construed and enforced in accordance with the laws of the State of New Jersey.
Non-Compete,i-Escrow shall not run banner advertisements on the Co-Branded Site for any of 2TheMart's competitors.
Termination,We will have the right to terminate the Ad Fund by giving you thirty (30) days' advance written notice.
Governing Law,"The validity, implementation and interpretation of this Agreement shall be governed by the laws of PRC."
Exclusivity,All such Contractors must process Merchant applications and transactions exclusively through Network 1.
Termination,The Consultant may terminate the Consultation Period at any time upon thirty (30) days' written notice.
Governing Law,This Agreement shall be governed by and construed in accordance with the laws of the state of Delaware.
Governing Law,"This Agreement shall be governed by, and construed in accordance with the law of the State of New York."
Auto-Renewal,The Agreement may be renewed for an additional period of seven (7) years at the option of the Licensor.
Governing Law,This Agreement shall be governed by and construed in accordance with the laws of the State of Missouri.
Termination,"Upon termination, Consultant agrees to perform the necessary information transfer required at the time."
Non-Compete,Nothing in this Agreement shall prohibit Co-Host from distributing competing products in the Territory.
Insurance,In this regard CONSULTANT shall be an additional insured under Company's applicable insurance coverages
Assignment,This Agreement may not be assigned by either party without the prior written consent of the other party.
Assignment,This Agreement may not be assigned by either Party without the prior written consent of the other Party.
Insurance,Each party agrees to carry liability insurance sufficient to cover the risks posed under this Agreement.
Governing Law,Any disputes or claims arising under this Agreement shall be governed by the laws of the State of Texas.
Governing Law,"This Agreement shall be governed by, and construed in accordance with, the laws of the State of New York."
Intellectual Property,All rights granted to HSWI under this Agreement may be exercised by or through HSWI and/or its Affiliates.
Assignment,Agency may not assign this Agreement without the written permission of MICOA or its successors or assigns.
Governing Law,This Agreement shall be governed by and interpreted in accordance under the laws of the State of New York.
Governing Law,This Agreement shall be governed by and construed in accordance with the laws of the State of Connecticut.
Assignment,CONSULTANT shall not be entitled to assign any of CONSULTANT's rights or obligations under this Agreement.
Termination,Microsoft may terminate this Agreement at any time without cause upon [*] ([*]) days prior written notice.
Assignment,This agreement may not be assigned or delegated by Affiliate without prior written consent from Network 1.
Termination,Sparkling may terminate this Agreement at any time upon ninety (90) calendar days written notice to Garman.
Governing Law,This Agreement shall be governed and construed in accordance with the laws of the United States of America.
Termination,Either Party may terminate this Agreement by giving the other Party thirty (30) days' prior written notice.
Payment Terms,the Agent will be paid a fee not to exceed 5.5% of the aggregate Purchase Price of the Shares sold by them.
Assignment,This Agreement shall not be assigned by the Distributor without the prior written consent of the Principal.
Governing Law,This agreement will be governed by and must be construed in accordance with the laws of the State of Israel
Governing Law,"This agreement shall be construed, interpreted and governed by and in accordance with the laws of Hong Kong."
Governing Law,This Agreement shall be governed by and construed in accordance with the internal laws of the State of Ohio.
Termination,"Upon termination of this Agreement, Galaxy may, at its sole discretion accept inventory returns of Products."
Assignment,This Agreement shall not be assignable by either party without the prior written consent of the other party.
Termination,Upon Diplomat giving Tadeo at least sixty (60) days advance written notice of termination of this Agreement.
Liability,MMI shall not be liable for indirect or consequential damages unless caused by intention or gross negligence.
Governing Law,This Agreement shall be governed by the laws of Nova Scotia and the laws of Canada applicable in Nova Scotia.
Assignment,This Agreement will also terminate automatically in the event of its assignment (as defined in the 1940 Act).
Audit Rights,"Once every 12 months, the party receiving payment or its designee may inspect such records to verify reports."
Governing Law,"This Agreement will be governed by, construed and enforced in accordance with the laws of the State of Texas."
Assignment,"This Agreement may not be assigned by either Party, except with the prior written consent of the other Party."
Auto-Renewal,Thereafter the term of this Agreement shall automatically renew for consecutive periods of two (2) years each.
Payment Terms,Green Cross shall pay to MacroGenics a royalty of *** on Net Sales of Competing Products for the Royalty Term.
Payment Terms,"Commencing with ****, Dexcel may adjust the Supply Price for the next following Year not more often than ****."
Payment Terms,"Logo Size: The minimum logo size is 1"" or 25mm. In digital formats, the minimum width is 100 pixels at 72 dpi."
Termination,Either Consultant or Company may terminate this Agreement upon prior written notice thereof to the other party.
Non-Compete,"Distributor will not carry any competitive products without Tripath's consent, which shall not be unreasonable."
Payment Terms,It is the intention of the parties that no less than 50% of the Joint Venture Products should be sold overseas.
Governing Law,"The laws of the State of Florida shall govern this Agreement, without reference to conflicts of law provisions."
Insurance,"Company agrees to provide and maintain, at its own expense, general commercial and product liability insurance."
Assignment,[ * ] may [ * ]any of its rights or obligations under this Agreement without the prior written consent of [ * ].
Payment Terms,"For each month during the Term, the Company will pay CNET a minimum of [XXXX] in cash, plus [XXX] of CNET Sales."
Governing Law,"This Agreement is governed by and construed in accordance with English law, save where provided otherwise herein."
Payment Terms,"MP3.com agrees to deliver a guaranteed minimum of 3,000,000 Impressions per month for the term of this Agreement."
Governing Law,This Amendment shall be governed by and construed in accordance with the laws of the Commonwealth of Pennsylvania.
Governing Law,This Agreement shall be governed by and construed in accordance with the laws of the Commonwealth of Pennsylvania.
Governing Law,This Agreement will be governed by the laws of the State of Florida without regard to conflicts of law provisions.
Assignment,This Agreement may not be assigned in whole or in part by either party without prior written consent of the other.
Assignment,This Agreement may not be assigned by either party ---------- without the prior written consent of the other party.
Audit Rights,The Parties rights and obligations with respect to quality assurance audits are set forth in the Quality Agreement.
Governing Law,"This Termination Agreement shall be governed by the laws of the PRC, without regard to conflicts of law principles."
Termination,Either party may terminate this Agreement without cause at any time effective upon thirty (30) days' written notice.
Assignment,Neither party shall assign this Agreement or any rights under it except with the prior written consent of the other.
Governing Law,"The construction, validity and performance of this Agreement shall be governed in all respects by the laws of Japan."
Governing Law,"The validity, construction and performance of this Agreement shall be governed by the laws of the State of New York."
Termination,"This Agreement may be terminated by Anixa, without cause, upon at least thirty (30) days written notice to OntoChem."
Auto-Renewal,This term shall be extended for a 1 year period provided 3000 pagers per month are distributed to Purchase customers.
Termination,Either party may terminate this Agreement without cause upon sixty (60) days prior written notice to the other party.
Assignment,This Agreement may not be assigned by either party except with the prior written consent of the other parties hereto.
Governing Law,"This Agreement shall be governed by the laws of the State of Delaware, its rules of conflict of laws notwithstanding."
Non-Compete,Moelis Holdings agrees not to open an office in Japan conducting Covered Businesses during the term of this Agreement.
Auto-Renewal,The term of this Agreement may be extended for an additional two year period with the written consent of both parties.
Termination,"Either party may terminate this Agreement, without cause, by giving the other party [*****] days prior written notice."
Assignment,This Agreement is not assignable by any party to the Agreement without the prior written consent of the other parties.
Non-Compete,Dr. Murray shall not directly assist in the development of any product competitive to products developed by EHS or EHN.
Assignment,This Agreement shall automatically terminate in the event the Management Agreement is assigned or otherwise terminated.
Governing Law,This Agreement will be governed by the laws of the State of Delaware without regard to its conflicts of law principles.
Warranty,The above warranties are valid for a period of [***] from the date of shipment of any Licensed Product to any customer.
Payment Terms,"The minimum monthly fee shall not be less than five thousand dollars ($5,000) per month (as applicable, ""Minimum Fee"")."
Intellectual Property,"Joint Improvements shall be owned jointly by the Parties, and PPI's interest therein shall be licensed to EKR hereunder."
Payment Terms,"Logo Size: The minimum logo size is 1"" or 25mm. (Page 34) In digital formats, the minimum width is 100 pixels at 72 dpi."
Governing Law,"This Agreement is governed by the laws of the State of Texas, without regard to the conflict of laws provisions thereof."
Termination,This Agreement or any Project Plan may be terminated: (a) by Magenta for any reason upon [***] written notice to Bachem;
Governing Law,This Agreement is governed by the laws of the State of New York without giving effect to principles of conflict of laws.
Governing Law,"THIS AGREEMENT SHALL BE GOVERNED BY, AND CONSTRUED AND INTERPRETED IN ACCORDANCE WITH, THE LAW OF THE STATE OF NEW YORK."
Governing Law,This Agreement shall be construed and enforced in accordance with and governed by the laws of the State of Massachusetts.
Payment Terms,"The fee shall be equal to 5.2% of the ""gross proceeds"" received in the Offering attributable to the efforts of the Agent."
Assignment,"This Agreement shall not be assigned by either party hereto, without the prior written consent of the other party hereto."
Assignment,Neither Party shall assign any rights or obligations provided herein without the prior written consent of the other Party.
Non-Compete,Distributor may not sell or license Products directly to end use customers without the express written consent of NETGEAR.
Payment Terms,"CONSIDERATION TO PROVIDER Seven hundred fifty thousand (750,000) shares of Kingdom Connect, Inc. Series A Preferred Stock."
Assignment,Neither party shall assign any of its rights or obligations hereunder without the prior written consent of the other party.
Termination,"Upon termination of this Agreement, Fleet agrees to perform its obligations under this Agreement until the earlier of [***]."
Liability,The liability of EIT will be limited to a value equal to contractual value as per clause 7.1 and will not exceed this value.
Auto-Renewal,The Parties may negotiate for an extension of this Agreement six (6) months before the expiration of the Cooperation Period.
Intellectual Property,PCQ agrees to allow ABW to co-brand the PCQ SOFTWARE in order to provide a value added service on ABW's World Wide Web site.
Assignment,"This Agreement may not be waived, amended or assigned without an agreed written and signed document, signed by both Parties."
Intellectual Property,"In addition, Party A shall not use the functions and information provided by Party B to carry out any commercial activities."
Exclusivity,Dynamex agrees not to provide sameday delivery services for any other provider of next day or multiple day courier services.
Assignment,Neither party shall assign their respective rights under this Agreement without the prior written consent of the other party.
Termination,PivX may terminate this Agreement for convenience by giving at least thirty (30) days written notice of termination to Detto.
Auto-Renewal,"After the initial term, unless terminated, this Agreement will automatically renew for periods of one (1) calendar year each."
Termination,This Agreement shall be terminable <omitted> by Licensor or Licensee upon sixty (60) days' written notice to the other partyÕæ
Audit Rights,allow COFS or its authorized representatives to enter upon the premises at reasonable times to be arranged in advance of entry
Termination,"Subject to Section 18.7.2, Astellas may terminate this Agreement upon six (6) months notice to FG for any reason or no reason."
Termination,Said books and records shall be maintained for a two (2) year period following the expiration or termination of this Agreement.
Intellectual Property,"BOSCH hereby grants CLIENT the ""Exclusive Distribution License Rights"" sell and distribute the Products within the ""Territory""."
Termination,"such a case, the remaining Source Plasma shall be immediately returned to Sanofi Pasteur, under ADMA's liability and expenses. S"
Non-Compete,"The Company shall not contact any of Distributor's Customer's for any reason, without the prior written approval of Distributor."
Assignment,This Agreement may not be assigned by Licensee without the consent of Licensor which consent shall not be unreasonably withheld.
Termination,"This Agreement shall terminate (a) at the option of any party, upon 90 days' advance written notice to the other parties hereto;"
Assignment,Neither party to this Agreement shall assign the rights and benefits herein without the prior written consent of the other party.
Termination,"Upon the termination of this Agreement, Operator shall cooperate in the transition of operations to Owner or a successor operator"
Assignment,"This Agreement is not assignable by Distributor without prior written consent of Tripath, which will not be unreasonably withheld."
Assignment,This Agreement or any rights or obligations granted hereunder may not be assigned by ABW without the prior written consent of PCQ.
Intellectual Property,"Arizona agrees to assign and hereby assigns its entire right, title and interest in and to the Arizona Assigned IP to the Company."
Payment Terms,"The Company shall pay HDI thirty percent (3016) of the Net Sales in excess of Eleven Thousand Dollars ($11,000) per calendar month."
Termination,Customer may terminate this Agreement and the license at any time by destroying all copies of Software including any Documentation.
Audit Rights,"As set forth in the Exhibit, EDGE shall have the opportunity to review and inspect all elements of the Work in a reasonable manner."
Assignment,Neither you nor any of the Owners may make any Transfer or permit any Transfer to occur without obtaining our prior written consent.
Assignment,HealthGate shall not transfer or assign the whole or any part of this Agreement without the prior written consent of the Publishers.
Assignment,"Otherwise, neither party may assign this Agreement without the other party's prior written consent (not to be unreasonably withheld)."
Assignment,Neither Party shall delegate the performance of its duties under this Agreement without the prior written consent of the other Party.
Auto-Renewal,The Term will be 3 years from Effective Date with an automatic 2 year term extensions unless otherwise advised by one of the Parties.
Warranty,"The Distributor shall have thirty (30) days (the ""Inspection Period"") upon receipt of each shipment to inspect and test the Products."
Termination,The Agreement may be terminated by both Parties with a notification period of *** before the end of the Initial Term of the Agreement.
Dispute Resolution,"The Licensee shall not otherwise contest, dispute, or challenge the Licensor's right, title, and interest in and to the Licensed Mark."
Liability,Financial reimbursements claimed according to such indemnification shall not exceed payments received by OntoChem under this contract.
Intellectual Property,"Solely for this purpose, NETGEAR and Bay Networks grant Distributor a non-exclusive, royalty-free, limited right to use the Trademarks."
Insurance,Customer is responsible for obtaining and maintaining personal property insurance sufficient to cover the value of Customer Components;
Dispute Resolution,"In the event of termination, neither party, their heirs nor successors shall issue any challenge whatsoever to contest the termination."
Insurance,The Parties shall provide civil liability insurance cover to their own personnel with respect to accidents and damages charged to them.
Payment Terms,"CAPSUGEL shall pay to CARDAX a royalty equal to [***] of the Adjusted Net Sales (""Royalty Payment"") within [***] after the end of [***]."
Change of Control,Owner may terminate this Agreement at any time upon the occurrence of any of the following: <omitted> (b) an Operator Change of Control;
Intellectual Property,"(a) The Sponsor grants ANTHEMIC a license to use the Sponsor's name, logo, and other identifying characteristics in promoting the Event."
Change of Control,A Party may terminate the JSMA immediately upon the delivery of written notice to the other Party if there has been a Change in Control.
Termination,"Customer, in its sole discretion, may terminate this Agreement, without cause, by providing six (6) months prior written notice to Philips"
Auto-Renewal,Pretzel Time shall notify Franchisee of the nonrenewal not less than six (6) months prior to the expiration of the term of this Agreement.
Assignment,No Party may assign any rights under this Agreement or delegate any duties hereunder without the prior written consent of the other Party.
Payment Terms,"If combined shipments do not meet the minimum requirement to ship LTL or TL (i.e. number pieces, min weight) then no grouping will be done."
Audit Rights,"Once every 12 months, the party receiving payment and/or User Data records or its designee may inspect such records to verify for accuracy."
Termination,"Upon any expiration or termination of this Agreement, Emdeon shall have a reasonable period of time to remove the Content from the Software"
Liability,"EXCEPT FOR CLAIMS UNDER SECTION 9 HEREOF, THE LIABILITY OF A PARTY TO THE OTHER FOR DIRECT DAMAGES SHALL NOT EXCEED FIFTEEN MILLION DOLLARS."
Termination,This Agreement may be terminated without the payment of any penalty by either party upon sixty (60) days' written notice to the other party.
Payment Terms,ENVISION will provide SIERRA with demand projections for the Product and SIERRA will produce enough Product to meet such demand projections.
Termination,Either Party may terminate this Agreement for any reason following the Initial Term upon ninety (90) days written notice to the other Party.
Assignment,"The rights and obligations of each Party under this Agreement shall not be transferred, except for the transfer by Party B to its affiliates."
Non-Compete,"The Developer shall not develop, maintain or market a similar platform and will not compete with the Client directly or indirectly worldwide."
Exclusivity,Cremer shall supply Ultragenyx exclusively with the Product worldwide (Page 1) Ultragenyx shall purchase the Product exclusively from Cremer.
Liability,PageMaster Corporations' liability shall in no event exceed an amount equivalent to the amounts received by PageMaster Corporation hereunder.
Auto-Renewal,"At Rogers' option, this Agreement shall renew for a subsequent term of two (2) years on the terms and conditions herein (the ""Renewal Term"")."
Termination,Either Party may terminate this Agreement hereunder for any reason at its convenience upon one hundred eighty (180) days prior written notice.
Termination,"This Agreement shall be in effect until March 18. 2021, unless sooner terminated by either party upon (30) days written notice, without cause."
Audit Rights,"Vertex has the right, at its sole expense and during normal working hours, to have a third party accountant examine the records of Bunker One."
Auto-Renewal,"Unless terminated in accordance with the provisions of Section 18, this Agreement shall automatically renew for each subsequent one-year term."
Termination,"Regardless of the term, Licensee can terminate Agreement with at least one hundred eighty (180) days written notice with no further obligation."
Assignment,Reseller may nat assign or otherwise transfer this Agreement without MediaNet Group Technologies's prior written consent except to a successor.
Change of Control,MBRK may terminate this Agreement upon 60 days notice for a Change of Control subject to the Fees outlined in paragraph (f) of this Section 18.
Dispute Resolution,"Licensee hereby acknowledges the validity of Licensor's Trademarks and Licensor's exclusive right, title and interest in and to the Trademarks."
Assignment,"No party to this Agreement has the right to assign any of its rights or obligations hereunder, except as already set forth under this Agreement."
Intellectual Property,"E.piphany allows for unlimited calls to its technical support desk by the HSNS personnel designated under Section 5.7 (""HSNS Responsibilities."")"
Auto-Renewal,"Following the Initial Term, either Party may terminate this Agreement without cause upon written notice to the other Party of at least 3 months."
Non-Compete,"Notwithstanding the above, Bioamber shall be permitted to evaluate other biocatalysts, but shall not undertake development of such biocatalysts."
Audit Rights,IMedicor will make its records available for audit purposes at any time by USA MCO during regular business hours at the headquarters of iMedicor.
Payment Terms,Revenue Share as specified in this CONTENT DISTRIBUTION AND LICENSE AGREEMENT. (Page 1) The revenue share for the Program is stated in Exhibit B.
Assignment,Neither Party shall assign this Development Agreement or the obligations contained herein without the express written consent of the other Party.
Termination,"Achaogen may terminate this Agreement in its entirety, for any reason, by providing at least sixty (60) days prior written notice to Microgenics."
Non-Compete,"Unless otherwise instructed by Sonos in writing, IAC is not authorized at any time to sell Custom Components to any third party or IAC Affiliate."
Auto-Renewal,The BSP then have the option to renew the agreement for another 5 years subject to any restructuring of the agreement as required by the parties.
Intellectual Property,Programmer shall not separately sell advertising time on the HD2 Channel but may market the WLIB Programs as being rebroadcast on the HD2 Channel.
Non-Compete,"The Distributor shall not: <omitted> act as the agent or the buying agent, for any person for any goods which are competitive with the Product; or"
Payment Terms,"25% of Net Revenue (as defined in Section 1e.) with a COMPANY-RESELLER AGREED UPON SALE PRICE in writing, the case of COMPANY's software products."
Assignment,"Except as may otherwise be provided in this Agreement, Consultant may not sell, assign or delegate any rights or obligations under this Agreement."
Termination,This Agreement may be terminated by (a) the written agreement of the Parties or (b) by either Party upon 5 days written notice to the other Party.
Payment Terms,SCIEN will have six 6) months after the date of this Agreement to Purchase at least 50 vials to be used by the MOH in treating patients with MERS.
Liability,"Except for claims arising under section 6, in no event will either party be liable for any special, indirect, incidental or consequential damages."
Audit Rights,"From time to time, each Party shall have the right to have its own internal or external auditors review the books and records of the Joint Venture."
Insurance,"IBM agrees to insure tooling it owns. (Page 51) Where possible, MSL will be jointly insured with respect to the IBM owned tooling for its interest."
Change of Control,This Agreement may be terminated only: <omitted> By the Company if: there is an unacceptable change in the control or management of the Distributor;
Payment Terms,"The Principal shall pay the Company a fee of $1.00 (one dollar), inclusive of VAT, per one net tonne of Commodity shipped pursuant to this Contract."
Termination,"During the term of this Agreement, Party A may terminate this Agreement at any time with a written notice to Party B 30 days before such termination."
Intellectual Property,"The Licensee hereby grants to the Licensor an irrevocable, non-exclusive, royalty-free, perpetual, worldwide license to use of any Licensee Know-how."
Assignment,"Assignment of Member status, under this clause, including any management and voting interests, will require the consent of all the remaining Members."
Termination,"Subject to the provisions of 11.1, Dynamic Hearing may terminate this Agreement upon three (3) months written notice to IntriCon of such termination."
Liability,The Adviser and FASC are each hereby expressly put on notice of the limitation of liability set forth in the Declaration of Trust of the other party.
Insurance,"Certificate of Insurance naming Logan's as an additional insured. (Page 3) supplemental coverage in excess of the Five Million Dollars ($5,000,000.00)"
Assignment,"All rights (under any applicable intellectual property right) granted herein are not sublicenseable, <omitted> transferable or assignable. (Pages 4-5)"
Intellectual Property,"During the term of this Agreement or any extension thereof, BNL shall have a non-exclusive license to use the VIP System on-line as designated by VIP."
Insurance,"If requested, [***] shall arrange for any insurance desired by [***] on shipments of Product, in amounts that [***] shall determine, and naming [***]."
Assignment,"Any sale, transfer or other conveyance of all or any part of the stock in, or assets of, Licensor in violation of this Section shall be null and void."
Termination,Axiometric will have the right to terminate the license to use the office space and to move out of the office space at any time upon two weeks notice.
Termination,"Bank of America may terminate Maintenance Services for convenience at any time in accordance with the Section entitled ""Termination"" of the Agreement."
Assignment,Neither this Agreement nor the rights of either Party hereunder shall be assigned by either Party without the prior written consent of the other Party.
Payment Terms,theglobe shall pay Boxlot *** of Net Revenues. (Page 7) Boxlot shall retain *** of the transaction revenues it generates from operation of the Service.
Assignment,Neither party may assign or otherwise transfer its rights and/or obligations under this Agreement without the prior written consent of the other party.
Payment Terms,"ESSI will provide Talent with one-million (1,000,000) shares of restricted common stock issued within ten business days of execution of this Agreement."
Termination,"COMPANY may, in its unfettered discretion, terminate this Agreement at any time after first givingCONTENT PROVIDER ten (10) days advance notice thereof."
Intellectual Property,"All Usage Data shall be owned jointly by Microsoft and Inktomi, and Inktomi hereby irrevocably assigns to Microsoft an [*] interest therein. (Pages 2-3)"
Termination,Either Party may terminate this Agreement at any time during the term of this Agreement for any reason upon two weeks written notice to the other Party.
Termination,"Company may terminate this Agreement and the license granted herein, for any reason, upon giving JHU sixty (60) days written notice under Paragraph 8.1."
Assignment,Neither this Agreement nor any of the rights of any of the parties under this Agreement shall be assigned without thewritten consent of all the parties.
Intellectual Property,"All Joint Inventions shall be jointly owned by the Parties, and Patents Covering Joint Inventions shall be referred to as ""Joint Collaboration Patents""."
Auto-Renewal,The period of license granted shall be for the Term and shall extend for a period of twenty four (24) months or until terminated as per clause 8 herein.
Payment Terms,"Company shall pay 11.67% of the Drilling Costs of the Initial Well, regardless of whether the Initial Well is successfully drilled to the Objective Zone"
Auto-Renewal,"This agreement will be automatically renewed at the end of every ten (10) year term, with each subsequent term of renewal being for a ten (10) year term."
Auto-Renewal,"When this Agreement expires, you will have the option to continue the franchise relationship with us for two (2) additional terms of ten (10) years each."
Payment Terms,Supplier will use commercially reasonable efforts to deliver Product to CUTANEA with minimum expiry dating remaining of [***]% of the approved shelf-life.
Assignment,"Programmer may not assign this Agreement without the prior written consent of Licensee, which shall not be unreasonably withheld, conditioned, or delayed."
Warranty,No-charge Maintenance Services shall be provided from the Delivery Date through the Warranty Period. <omitted> WARRANTY PERIOD DURATION <omitted> 120 days
Assignment,"This Agreement may not be assigned by Broker Dealer without the prior written consent of Issuer and Distributor, which shall not be unreasonably withheld."
Assignment,Neither Party shall be entitled to assign any of its rights or duties hereunder to any third parties without a written consent of the other Party thereto.
Termination,"At any time during a renewed term, this Agreement may be terminated by any party on six (6) months prior notice that it wishes to terminate the Agreement."
Termination,"In addition, either you or Nationwide may terminate this Agreement <omitted> for any reason on at least ninety (90) days written notice to the other party."
Auto-Renewal,This Agreement may be terminated by either party at the expiration of its term or any renewal term upon thirty (30) days written notice to the other party.
Assignment,This Agreement may not be assigned by either party hereto without the written consent of the other but shall be binding upon the successors of the parties.
Liability,"In case of violation of this article, the Party shall pay to the other Party an equivalent of eighteen (18) months gross salary of the respective employee."
Payment Terms,Royalties and Service Fees payable by DIALOG and/or its Affiliates to ENERGOUS hereunder will be calculated on a Product by Product basis as defined herein.
Insurance,"Owner covenants that it will maintain at all times during the Term of this Agreement insurance coverage for sudden and accidental pollution of $500,000,000."
Termination,"After the termination of this Agreement, Party B shall strictly perform the Financial Leasing Agreement signed with the Driver User until the lease expires."
Intellectual Property,"Impresse hereby grants to VerticalNet a non-exclusive, non-transferable, royalty-free, right and license to link to the Impresse Area of the Co-Branded Site."
Assignment,Neither of the parties hereto may assign its rights or delegate any of its duties under this Agreement without the prior written consent of each other party.
Auto-Renewal,"Upon the expiry of this Agreement, this Agreement may be renewed automatically for one year (but can only be renewed once) if neither Party raises objection."
Termination,"In such an instance, all compensation will continue for a extended period of five years from the date of termination for all subscriptions tagged as USA MCO."
Assignment,"Neither Party shall assign or transfer to any third party, without the prior written consent of the other Party, this Agreement or any rights granted herein."
Exclusivity,"Without Party A's consent, Party B may not enter into with any third party any agreement or cooperation which is identical with or similar to this Agreement."
Liability,"Sicap Ltd's liability for indirect loss, including consequential loss, loss of profit, lost savings and loss caused by interruption of operations is excluded."
Non-Compete,Publishers may not use either Proprietary Software or Source Code held in escrow to develop a product that competes with those services offered by HealthGate.
Auto-Renewal,"Thereafter, this Agreement shall automatically be renewed for successive 1-year terms (each a ""Renewal Term"", and together with the Initial Term, the ""Term"")."
Assignment,"Customer will not assign this Agreement or any of its rights hereunder without the prior written consent of IBM, such consent not to be unreasonably withheld."
Audit Rights,"During the Term, and for a period of [ * ] thereafter, Google may audit Distributor's relevant records to confirm Distributor's compliance with this Agreement."
Termination,Either party wishing to terminate the Agreement must give written notice to the other party at least thirty (30) days prior to the desired date of termination.
Exclusivity,NFLA agrees not to grant the right to use the NFLAs Identification to anyone other than Company in connection with the advertisement and promotion of Products.
Intellectual Property,University hereby grants to ArTara an exclusive license to use the Program Data solely for the Project and in Regulatory Filings in the Field in the Territory.
Non-Compete,It is agreed that ownership of no more than 1% of the outstanding voting stock of a publicly traded corporation will not constitute a violation of Section 7.3.
Dispute Resolution,"The Distributor shall not do, or omit to do, anything in its use of the Trade Marks that could adversely affect their validity or the goodwill of the Supplier."
Termination,"Following expiry of the initial period described in¬†Clause 15 above, DCL or SEV giving not less than six months notice in writing may terminate this Agreement."
Termination,"Notwithstanding any other provision of this Agreement, Rogers may terminate this Agreement, at any time, upon sixty (60) days' prior written notice to Licensor."
Payment Terms,DISTRIBUTOR agrees to satisfy the annual and quarterly sale targets for the Products set forth in Appendix 3 herein as mutually agreed to by the parties hereof.
Termination,The Company may in its discretion and at its option terminate this Agreement at any time after the Minimum Period upon five days prior written notice to Maimon.
Termination,Sekisui may terminate this Agreement upon prior written notice <omitted> at any other time upon ninety (90) days' prior written notice of impending termination.
Assignment,The rights and obligations of the parties under this Agreement shall not be assignable unless consent to the assignment is in writing and signed by the parties.
Non-Compete,"Notwithstanding the above, Intuit may include editorial content or tools about or from a Client Competitor and include Client Competitors in directory listings."
Assignment,"This Agreement and all the rights and obligations of Party B hereunder shall not be assigned, pledged, sublicensed without the prior written consent of Party A."
Intellectual Property,"Upon request by About, ebix shall provide About with About Customer Data in the aggregated form, which aggregated form shall be jointly owned by ebix and About."
Auto-Renewal,"Thereafter, this Agreement shall automatically continue in effect until either party gives the other at least six (6) months prior written notice of termination."
Liability,"EXCEPT FOR [**], IN NO EVENT WILL EITHER PARTY BE LIABLE TO THE OTHER PARTY FOR [**], EVEN IF SUCH PARTY WAS ADVISED OR AWARE OF THE POSSIBILITY OF SUCH DAMAGES."
Liability,NEITHER PARTY SHALL BE LIABLE FOR ANY INDIRECT OR CONSEQUENTIAL DAMAGES SUFFERED BY THE OTHER PARTY AS A RESULT OF PERFORMANCE OF ANY STUDY UNDER THIS AGREEMENT.
Insurance,"During the Term, Franchisee shall maintain policies of insurance as may be requested by Franchisor, subject to applicable law, in relation to the Smaaash Centres."
Non-Compete,"Party B shall not advertise, or make any statement favorable for, any competitor having the same or similar business scope as Party A in the services it provides."
Exclusivity,Licensor agrees not to grant the right to use the Duval Identification to anyone other than Company in connection with the advertisement and promotion of Products.
Auto-Renewal,"This Agreement shall renew for successive 1-year periods, after the initial 1 Year Term, if agreed by both parties in writing within 30 days of license expiration."
Payment Terms,"Each Party shall receive 50% of all Net Revenue derived from the sale of advertising Inventory that is exhibited in the Theatres (the ""Advertising Revenue Share"")."
Termination,"Both parties may terminate this Agreement upon ninety (""90"") days written notice to the other party at the address stated in this Agreement as per section 3 above."
Assignment,The Parties may not assign this Agreement or the rights and obligations hereunder to any third party without the prior express written approval of the other Party.
Non-Compete,Kallo shall not allow another Agent to solicit the existing Agents book of business unless it is understood by all parties the end user client desires the transfer.
Insurance,"FCC agrees to provide $5,000,000 of commercial liability insurance in support of this indemnity which names Flotek as additional insured, with waiver of subrogation"
Exclusivity,"Dolphin will provide photo-editing services exclusively, at DGT option, when the number of downloaded photos to be edited by Dolphin totals 50,000 in a single year;"
Assignment,Neither this Agreement nor any right created by it shall <omitted> be assignable by either party without the prior written consent of the other or as stated herein.
Termination,"eBix may terminate this Agreement, [**] upon [**] to About; provided, however, that the termination is no earlier than [**] of the Effective Date of this Agreement."
Termination,The Parties may terminate its performance of related obligations under this Agreement within thirty (30) days of receipt by the Party of written termination notice.
Assignment,"This Agreement will automatically terminate in the event of its ""assignment"" (as such term is defined for purposes of Section 15(a) (4) of the Investment Fund Act)."
Assignment,"Without prior written consent of the other Parties, none of the Parties may assign any or all of its rights and obligations under this Agreement to any third party."
Intellectual Property,Party A shall not assign to any third party the functions and contents used in the website column(s) that are made the subject matter of this cooperation agreement.
Payment Terms,theglobe shall provide a minimum of *** impressions per month of promotion for auctions on the Co-Branded Pages (including without limitation any of the foregoing).
Liability,"The foregoing indemnities shall expressly exclude any liability for consequential, punitive, special or similar damages, including, without limitation, lost profits."
Payment Terms,"Power2Ship will pay WLI 10% of any activation commissions (""Unit Commissions""), if any, it receives as a result of any Unit activated on a specific wireless network."
Intellectual Property,Kallo grants to Agent the non-exclusive and non-transferable right to distribute the use of the Kallo Mobile care suite of products to commercial end user customers.
Liability,"This includes in particular the liability exclusion for lost profit, the loss of data or interruption to or errors in the operation of the Web site of the Affiliate."
Assignment,"The Distributor shall not assign any of its rights, obligations or privileges (by operation of law or otherwise) hereunder without the prior written consent of JRVS."
Liability,"Neither Party shall be liable to the other for special, incidental, or consequential damages, even if such Party has been advised of the possibility of such damages."
Liability,"Within the Warranty period, LICENSEE may elect to pay D2 a sum of $1,400,000 as a one time paid-up runtime license fees for the Basic Services specified in Exhibit A."
Insurance,"Should the Managing Group agree to jointly insure against such risks, the cost of such insurance will form part of the capital costs referred to in Subparagraph 13.1."
Audit Rights,"Upon reasonable request, copies of any such books and records shall be provided promptly by FASC to the Account or the Account's owners or authorized representatives."
Auto-Renewal,This agreement shall automatically renew for a period of three (3) years and upon the parties mutual agreement on new minimum performance goals for the renewal period.
Intellectual Property,Agent is granted a limited license and right to use all Intellectual Property for purposes of conducting the GOB Sale and otherwise marketing any or all of the Assets;
Auto-Renewal,"This Agreement shall be renewed automatically for another five (5) years upon the expiration unless the Parties confirm, in writing, the termination of this Agreement."
Assignment,"The Parties shall not assign, encumber or otherwise transfer this Agreement or any part of it to any Third Party, without the prior written consent of the other Party."
Assignment,Neither party will not assign or otherwise transfer any of its rights or obligations under this Agreement without the express prior written consent of the other party.
Change of Control,"In addition, Lucid may terminate this agreement by giving the Distributor Written Notice if there is any change of control, ownership or management of the Distributor."
Non-Compete,"For clarity, ENERGOUS shall not intentionally supply Products, Product Die or comparable products or product die to customers directly or through distribution channels."
Warranty,MMMW provided Customer with an all inclusive warranty for a period of 12 months commencing on the date of installation to include system purchased by Customer from MMMW
Intellectual Property,"The Licensee hereby assigns and agrees to assign any rights it may have as a result of its licensed use, including common law rights, in the Licensed Mark, to Licensor."
Intellectual Property,"Company may not permit any third party to use the Association Marks without the express prior written approval of the Association, which may be withheld for any reason."
Dispute Resolution,"Licensee agrees and covenants that it shall not challenge, contest, or take any actions inconsistent with Licensor's exclusive rights of ownership of the Licensed Mark."
Auto-Renewal,"One month prior to the expiry of the Cooperation Term, the parties may further negotiate the cooperation forms, if fails, this Agreement will be terminated upon expiry."
Payment Terms,INITIAL ORDER COMMITMENT¬†-¬†MA¬†commits¬†to¬†purchase¬†a¬†minimum¬†of¬†100 Units in aggregate within the Territory within the first six months of term of this Agreement.
Audit Rights,"Either Party shall have the right to request the other to provide, through an auditor agreed to by the Parties, validation of the information and data referred to herein."
Auto-Renewal,This Agreement will be in effect for one year from the Effective Date and will automatically renew for successive one (1) year periods unless terminated as provided below.
Audit Rights,"To monitor for Licensee's adherence to such obligations, Licensor shall have the right to inspect such materials from time to time through duly authorized representatives."
Intellectual Property,"Each party hereby grants to the other a non-exclusive, limited license to use its trademarks, service marks or trade names only as specifically described in this Agreement."
Auto-Renewal,"Customer, upon thirty days prior written notice, may cancel this Agreement at the end of the Initial Term and thereafter on each anniversary of the end of the Initial Term."
Non-Compete,"When endorsing a non-competitive product, under no circumstances shall CONSULTANT wear, play, use, hold or in any way be associated with an ADAMS GOLF competitor's Product."
Non-Compete,Distributor agrees not to represent or sell other products which are deemed to be competitive with the Company's Products unless agreed to by the Company by written notice.
Intellectual Property,"Any and all web pages used by Contractor in connection with the Offering (the ""Web Pages""), and all associated Proprietary Rights, shall be owned exclusively by the Company."
Liability,If the BSP terminates under clause 14.3 (Termination by BSP for Convenience) the BSP will pay Datec the Termination Fee calculated in accordance with Attachment C (Pricing).
Warranty,"For ninety (90) days after delivery of a Product to Distributor, Developer warrants that media upon which the Products are delivered shall be of good quality and workmanship."
Insurance,Philips shall fully comply with the terms of the Quality Agreement regarding its obligations and responsibilities with respect to maintaining the required level of insurance.
Intellectual Property,The Reseller shall be entitled to enter into agreements with its subsidiaries and affiliates to act as sub-distributors and/or selling agents of the Products in the Territory.
Exclusivity,"HDI shall have the exclusive right to use of the ""Deerskin"" brand for a self-contained web site for the offering of Deerskin Products directly to the consumer on the Internet."
Audit Rights,Such books and records shall be open for inspection and examination by Lessor and its respective representatives and/or accountants during the Company's normal business hours.
Intellectual Property,"The rights granted under this Section 12.3 may not be assigned or transferred, except that such right is assignable by SMBC to any of its respective Wholly-Owned Subsidiaries."
Payment Terms,"In addition, the parties shall share certain revenues related to purchases made by Customers utilizing Commerce One's MarketSite.net Service, as set forth in EXHIBIT B hereto."
Non-Compete,"Affiliate agrees not to sell commercial time to or for the benefit of direct competitors of the Service (e.g., music video networks carried by MVPDs such as MTV, VH1 and Fuse)"
Payment Terms,"PageMaster Corporation shall provide a minimum of 100,000 up to 500,000 pagers for the fulfillment of this promotion to all Purchase Customers who prepay their annual airtime."
Intellectual Property,"c) Each party hereby grants to the other a non-exclusive, limited license to use its trademarks, service marks or trade names only as specifically described in this Agreement."
Audit Rights,DD shall also make its records and other documents relevant to MBRK and this Agreement available for audit or review by MBRK upon MBRK's request at a mutually agreed upon time.
Intellectual Property,the Co-Branded URLs shall be owned by the party that offers to pay the highest amount to the other for the ownership of such URLs upon payment of such amount to the other party
Auto-Renewal,"Thereafter, this Agreement shall renew only upon the mutual written agreement of the parties for up to three additional renewal terms of one year each (each, a ""Renewal Term"")."
Warranty,"In the event that Magenta does not inform Bachem within the [***] period that the Product does not meet the Specifications, Magenta shall be deemed to have accepted the Product."
Change of Control,This Agreement shall terminate in the event of a significant change in the management or ownership of mPhase or in the event mPhase is the subject of any bankruptcy proceedings.
Insurance,"MMI shall at its own expense obtain and maintain with an insurer adequate insurance coverage in respect of any Dragon Systems property under the care, custody or control of MMI."
Intellectual Property,"Distributor shall assign to Company, without charge, any rights in the trademarks of Company that may inure to the benefit of Distributor pursuant to this Agreement or otherwise."
Auto-Renewal,"This Agreement shall be for the term of one year; thereafter, the Agreement shall renew automatically under these same terms and agreements unless superceded by future agreements."
Intellectual Property,"Without Party A's permission in writing, Party B may not disclose or sublicense the Program Content to any third party, except for the Program Content related to Party B Business."
Intellectual Property,"Each party hereby grants to the other a non-exclusive, limited ------- license to use its trademarks, service marks or trade names only as specifically described in this Agreement."
Non-Compete,"Neither party will solicit for employment any employee of the other party during the active term of this Agreement and further, where applicable, the term of any active Work Order."
Non-Compete,The spinwares and spinstore will be modified to include licensed content purchased directly from Spinrecords.com and to eliminate products that will compete with the Nettaxi store.
Audit Rights,"MediaNet shall permit Member Provider or its designees reasonable access during normal business hours and, upon request, to verify funds and payments due pursuant to this Agreement."
Auto-Renewal,We shall give you written notice of our election not to renew the franchise at least three (3) months prior to the expiration of the initial or first renewal term of this Agreement.
Liability,"IN NO EVENT SHALL EITHER PARTY BE LIABLE TO THE OTHER FOR ANY SPECIAL, INDIRECT, EXEMPLARY OR CONSEQUENTIAL DAMAGES ARISING OUT OF THIS AGREEMENT OR PURCHASE OR USE OF THE PRODUCTS."
Intellectual Property,"IBM grants Customer a nonexclusive, nontransferable, revocable license to access and use the Base Components solely in connection with the Services as provided under this Agreement."
Change of Control,Columbia shall have the right to terminate this Agreement upon [***] notice to Fleet in the event: <omitted> (ii) a Change of Control Event with respect to Fleet occurs; (Pages 9-10)
Dispute Resolution,"Company agrees that it shall not seek to register or obtain ownership rights in any of Janssen's corporate names, logos, or Product Trademarks (or any confusingly similar trademark)."
Auto-Renewal,"This Agreement may be renewed for an additional term of ten (10) years by notice in writing given by XFN to CEIS at the expiry of the Term, for a consideration to be mutually agreed."
Exclusivity,"Celebrity represents and warrants that during the Term and in the Territory, Celebrity will not endorse or make any appearances or advertisements on behalf of any other multivitamin."
Auto-Renewal,"The Agreement rests, for all that, cancellable at any time by any of the parties before the expiry date of the Agreement or any of itsrenewals, upon three months prior written notice."
Payment Terms,"Converge shall pay to VNE a minimum fee of Four and One-Half Million Dollars ($4,500,000) for VNE's provision of the Services during the Initial Term (the ""Initial Term Minimum Fee"")."
Intellectual Property,"In the event Galacticomm, Inc. chooses to terminate this agreement, Horst Entertainment Inc. will have the right to purchase a license copy of the software in the amount of $15,000.00."
Insurance,STW shall administer and provide all necessary and reasonable insurance to insure its activities on the Property in relation to the AGREEMENT and shall list COFS as additional insured.
Auto-Renewal,The Agreement shall automatically renew for successive one year additional terms unless terminated by either party at least six months prior to the expiration of the then-current term.
Dispute Resolution,ISO agrees to never contest the ownership of these marks and Visa and/or MasterCard may at any time immediately and without advance notice prohibit ISO from using their respective marks.
Auto-Renewal,This Agreement shall automatically renew for successive one-year terms unless one party gives the other party written notice of non-renewal at least six months prior to automatic renewal.
Auto-Renewal,"By either Vendor or Distributor, upon written notice of termination of this Agreement no later than ninety (90) calendar days prior to the expiration of the relevant Term, then in effect;"
Liability,"IN NO EVENT SHALL EITHER FMI OR ROCHE BE LIABLE FOR SPECIAL, INDIRECT, INCIDENTAL OR CONSEQUENTIAL DAMAGES ARISING OUT OF THIS AGREEMENT BASED ON CONTRACT, TORT OR ANY OTHER LEGAL THEORY."
Auto-Renewal,This Agreement will renew automatically thereafter for successive one-year terms unless and until one Party gives notification of termination with at least sixty (60) days written notice.
Non-Compete,"During the Term, the Reseller agrees that it shall not induce any person employed by Diversinet to leave Diversinet's employ to become an employee of Reseller or its agents or contractors."
Warranty,"FCC shall promptly, but in no event later than three (3) days after the date of such purchase order, confirm its acceptance or rejection of such purchase order by written notice to Flotek."
Intellectual Property,"Such license is a non-exclusive, non-transferrable and worldwide license and shall include the right to use, reproduce, copy and publish the Content solely in connection with the Software."
Non-Compete,We will not grant other franchises nor establish our own Unit Franchises within the Master Territory during the term of this Agreement unless you do not meet the Minimum Development Quota.
Audit Rights,"Each of the Parties may, at its own expense, audit the other Party's compliance with this Agreement, including but not limited to, auditing the other Party's representations and warranties."
Auto-Renewal,"IMNTV will extend the Agreement on the same terms and conditions for additional one-year terms, providing Distributor and IMNTV agree, predicated on satisfactory performance by both parties"
Audit Rights,"Either Party shall have the right from time to time to audit and make extracts of the books and records of the other, insofar as said books or records pertain to the terms of this Agreement."
Payment Terms,"In consideration of providing the Services set forth in Exhibit B, the Company agrees to pay to Contractor [ ** ] percent ([ *‚àó ]%]) of Company's Gross Invoiced Sales (the ""Service Fees"")."
Warranty,"Within Seven (7) days of receipt of such Products, Distributor will notify Company of any shortages, defects, non-conformance, and Company will promptly replace such Products free of charge."
Audit Rights,Company shall make said books available to North or North's representative on reasonable notice during the Term of this Agreement and the two (2) year period immediately following thereafter.
Non-Compete,Marketing Affiliate shall not directly or indirectly solicit an existing business customer of Equidata during the term and condition of this Agreement other than for joint marketing purposes.
Payment Terms,"The Parties agree to share any revenue generated as a result of this Agreement, or Customer's use of the Services or the Auction Platform, as set forth and detailed in each applicable Exhibit."
Payment Terms,"In consideration for providing these Services, AVDU shall pay UTK $120,000 worth of unregistered shares of common stock (31,413 shares) upon the execution of this Strategic Alliance Agreement."
Liability,"Nothing in this Section ​8.7 shall operate to limit or exclude any liability under Section ​8.5 with respect to a Claim, or for fraud, or for breach by a Party of the provisions of Article ​7."
Payment Terms,"To provide a minimum of seven thousand (7000) acres for the Primary Project to be identified by each individual lot, including size, and its placement in the annual rotation as per SCHEDULE A."
Intellectual Property,"Where appropriate and to the extent required, each party undertakes to grant a royalty free license to the other Party solely for the design and development of product(s) under this Agreement."
Payment Terms,"A minimum of [***] in mutually agreed upon EME financing will be contracted for by the Parties, with a minimum of [***] of such aggregate amount to be contracted for in each of [***] and [***]."
Exclusivity,"HPS agrees to outsource to SHPS, and hereby appoints SHPS as the exclusive provider of, Care Management Services to the Clients, subject to the terms and conditions set forth in this Agreement."
Dispute Resolution,"Diplomat agrees that it will not at any time during the term of this Agreement or thereafter attack (i) KI, Inc.'s title to, or rights in and to, KI's name or (ii) the validity of this license."
Change of Control,"In the case of reorganization, merger, consolidation, or sale of all or substantially all of its assets, any attempt to assign this Agreement other than as permitted above will be null and void."
Auto-Renewal,In the case that the company would not like to extend the terms of agreement for an additional month. The company must notify the consultant within 5 days of the conclusion of the 12 month term.
Exclusivity,"Agent's appointment shall be exclusive for the Kallo Mobile care suite of products and services marked in Schedule A to this Agreement. (Page 5) Exclusivity is granted for the region of Nigeria,"
Audit Rights,CSA shall have the right to request an independent audit of the sales of the Product containing the Property which the Company agrees to assist within a reasonable period of time of such request.
Exclusivity,"Although we will not seek to operate or grant others the right to operate a The Joint Corp. Location within the same general area as the Premises, we make no guarantee of any protected territory."
Non-Compete,"Reseller shall not import, promote, distribute, license, market or sell any products in <omitted> the Territory which directly compete with the TouchStar Software or Support Services. (Pages 4-5)"
Intellectual Property,"Party A owns the sole and exclusive right of the intellectual property, including any improvement, upgrades and derived products, no matter whether such products are created by Party A or Party B."
Liability,"In the event that Party B breaches this covenant, Party A has the right to terminate this Agreement at any time and require Party B to pay 30% of Party A's share of revenues as liquidated damages."
Exclusivity,No marketing exclusivity in any category or with respect to any competitors of Sponsor is conferred or implied by this Agreement except to the extent explicitly set forth in the Agreement Summary.
Payment Terms,"During the Term of the Agreement and subject to the terms and conditions of the Agreement, Imprimis shall pay to Surgical Sales Commissions equal to ten percent (10%) of the Net Sales for Product."
Intellectual Property,"NCB agrees that NPC may use NCB's name and its BIN, ICA and any other Visa and MasterCard identification numbers to the extent necessary or appropriate to perform the Merchant Processing Services."
Intellectual Property,"Following the expiration of the Term pursuant to clause (a) (but not clause (b)) of Section 12.1.1, the grants in Section 5.1.3 shall become non-exclusive, fully-paid, royalty-free and irrevocable."
Payment Terms,"In the event that HDI fails to have the Site fully operational within seventy (70) days from the date of this Agreement, the Company shall have the right to terminate this Agreement without penalty."
Liability,"The sole and exclusive remedy for any breach of this IP Agreement, including the representations and warranties and covenants herein, shall be as set forth in Article 8 of the Acquisition Agreement."
Dispute Resolution,"Licensed Users shall not challenge the validity of the Licensed Mark, nor shall Licensed Users challenge Licensor's ownership of the Licensed Mark or the enforceability of Licensor's rights therein."
Audit Rights,"Within thirty (30) calendar days of the arrival of each lot of API at the manufacturing facility designated by INTERSECT, INTERSECT shall inspect and test each lot of API at its own cost and expense."
Intellectual Property,"The licenses granted to Vyera under this Agreement shall not be transferrable and/or sublicensable without CytoDyn's written consent, which it may grant, condition or withhold in its sole discretion."
Intellectual Property,"Cisco's policy is that Software, whether Standalone or Embedded, is not transferable, except where a listed exception below applies, and except, of course, where Cisco's contract expressly allows it."
Payment Terms,"Pey Dirt has the right to terminate this Agreement immediately if Company's Endorsed Products are not being distributed in the Contract Territory to a significant number of stores by October 1, 1999."
Liability,"The provisions of Section 9.1 and Section 9.2 will not apply to limit the Licensee's indemnification obligations under Section 8.2, or in the case of Licensee's gross negligence or wilful misconduct."
Non-Compete,Section 19.3.3 above will not apply to your ownership of less than five percent (5%) beneficial interest in the outstanding equity securities of any publicly-held <omitted> corporation. (Pages 52-53)
Dispute Resolution,"Company shall not, during the period of this Agreement, or any time thereafter, challenge Association's exclusive ownership or registration of Association's Marks, including any and all moral rights."
Auto-Renewal,"This Agreement shall have a term of four (4) years from the effective date first set forth above, and shall automatically renew for additional one year terms unless earlier terminated by either party."
Auto-Renewal,"At any time prior to the end of the Term, the Parties may agree in writing to extend the Agreement for successive One (1) Year periods (the ""Renewal Terms"") under the same conditions set forth herein."
Intellectual Property,"IBM grants Customer an irrevocable, nonexclusive, worldwide, paid-up license to use, execute, reproduce, display, and perform copies of such Materials and distribute within Customer's Affiliates only."
Payment Terms,"In consideration for providing these Services, MKOS shall pay UTEK $120,000 in the form of unregistered shares of common stock (923,077 shares) upon the execution of this Strategic Alliance Agreement."
Dispute Resolution,"Allied shall not at any time do, or cause to be done, directly or indirectly any act that may impair or tarnish any part of Newegg's goodwill and reputation in the Newegg Marks and the Newegg Products."
Non-Compete,"During the Term, of this Agreement and for an additional period of two (2) years from the date of termination of this Agreement, the Contractor undertakes not to develop on its own account any Product."
Auto-Renewal,The Term shall automatically renew thereafter for successive 5-year terms unless either party provides prior written notice of termination not less than 90 days prior to the end of such five-year term.
Auto-Renewal,"The Initial Term shall automatically renew for one-month periods thereafter unless either party provides 30- days advance notice of termination, unless earlier terminated pursuant to Section 2.2 hereof"
Insurance,Customer specifically agrees to maintain insurance coverage for any finished Products or materials which passes to Customer pursuant to this Agreement and which is stored on the premises of Contractor.
Intellectual Property,LICENSEE is also granted a limited non-transferable non-exclusive license to Licensed Source Code to perform software maintenance functions according the terms set forth in Article 7 of this Agreement.
Audit Rights,Network 1 shall have the right to inspect the Local Offices during normal business hours to insure compliance by Affiliate with is obligations pursuant to Section 1.02 [LOCAL OFFICE (AFFILIATE OFFICE)].
Auto-Renewal,"The Initial Term shall automatically renew for one-month periods thereafter unless either party provides 30- days advance notice of termination, unless earlier terminated pursuant to Section 2.2 hereof."
Dispute Resolution,"Distributor shall not take any actions, or aid or assist any other party to take any actions that would infringe upon, harm or contest the proprietary rights of Company in and to the Brand and Products."
Non-Compete,"Upon written request of Client, EFS shall discontinue or modify any Advertisement that in the reasonable opinion of Client is not appropriate for the Client brand or is competitive with Client business."
Liability,"IN NO EVENT WILL EITHER PARTY BE LIABLE FOR ANY INCIDENTAL, SPECIAL OR CONSEQUENTIAL DAMAGES RESULTING FROM THE LICENSE GRANTED PURSUANT TO THIS AGREEMENT OR THE USE OR COMMERCIAL DEVELOPMENT OF PRODUCT."
Dispute Resolution,"TKCI affirms that it shall not have any claim towards SIC if the management decides not to sign the agreement in the investigation stage, and before any agreements are signed, for any reasons whatsoever."
Intellectual Property,The fees include the (i) use of the Mobility Management Services; (ii) unlimited iPass network access (except for certain premium in-flight Wi-Fi Services); and (iii) iPass Hosted Authentication Service.
Payment Terms,"The Use Fees shall remain the same as in the Initial Period and the fee for the Services shall not exceed $7000 for additional journals, $2000 maintenance fee on existing journals and $2000 per Gigabyte."
Payment Terms,Franchisee or third party sub -franchisees shall be under an obligation to set up at least 6 (six) Smaaash Centres during the first Contract Year or any other time period as may be provided by Franchisor.
Liability,"COMPANY will pay JHU a fee equal one percent (1%) of the Aggregate Consideration received by the COMPANY, or the total amount received by stockholders of COMPANY, upon the occurrence of a Liquidity Event."
Exclusivity,"During the term of this Agreement, Sabco will not ----------- represent or accept as a primary, secondary, or associate sponsor any other company reasonably deemed to be competitive with Prolong products."
Liability,IBM will give Customer a credit equal to the amount Customer paid IBM for the applicable Materials or for use of the applicable Base Components up to a maximum of twelve (12) months of applicable charges.
Non-Compete,"The Contractor and the Customer will not be allowed to employ employees of the other party, directly or indirectly, for one (1) year from the date the employee has ceased to be employed by the other party."
Non-Compete,The Destination shall not contain any links to any third party sites for the purchase of Competitor's Goods; provided that the Destination will link to the Co-Host Site (which will sell Competitor's Goods).
Auto-Renewal,"This Agreement shall be for an initial term of five (5) years, and unless earlier terminated in accordance with this Agreement, shall automatically renew for an additional term of five (5) years thereafter."
Auto-Renewal,"mPhase shall have the right to annually renew this agreement for a period of one year upon each annual expiration with the written consent of Lucent, which written consent shall not be unreasonably withheld."
Liability,THE PARTIES ACKNOWLEDGE THAT LIQUIDATED DAMAGES PAYABLE BY YOU UNDER THIS AGREEMENT (WHETHER PRE-OPENING LIQUIDATED DAMAGES OR LIQUIDATED DAMAGES FOR EARLY TERMINATION) ARE NOT PUNITIVE OR EXEMPLARY DAMAGES.
Intellectual Property,"Upon the terms and subject to the conditions of this Agreement, Developer hereby grants to Distributor an exclusive, non-transferable fight and license to market and distribute the Products in the Territory."
Warranty,Google warrants that the Distribution Products will for a period of [ * ] from the date of their supply to Distributor be free from any defect which has a materially adverse effect on their use or operation.
Change of Control,"In the event Agent changes its legal structure or undergoes a substantial change in ownership of its stock or other ownership interest, Kallo shall have the option of immediate termination of this Agreement."
Payment Terms,"During the Term of this Agreement, Premier shall be required to purchase a Minimum Annual Order Volume (""MAOV"") of [***] (""Units"") for the twelve-month period commencing July 1, 2018 and ending June 30, 2019."
Auto-Renewal,This Agreement will extend automatically for monthly periods unless either party to this Agreement notifies the other party in writing at least thirty (30) days before the expiration of the then current term.
Intellectual Property,You do not have any right to sublicense or subfranchise others within or outside of the Designated Area and do not have the right to operate more than one (1) Franchised Restaurant within the Designated Area.
Non-Compete,"The Distributors will not develop, manufacture or sell any equipment or service, which in any way can be considered to be competitive to the equipment or service offered by Lucid to the Distributor as Product."
Payment Terms,"REIT agrees to pay CONSULTANT the following consulting fees, for services performed by CONSULTANT: <omitted> 2. Annual stock grants as awarded by the Compensation Committee of the Company's Board of Directors."
Intellectual Property,Lucid agrees that the Distributor may use the appropriate trademarks to promote the sale of products in the Territory. Such use is only with Lucid's permission and must be related to the sale of Lucid products.
Intellectual Property,"HealthGate hereby assign all present and future copyright in the Blackwell Specification to the Publishers. (Page 3) HealthGate hereby assigns all right, title and interest in and to the same to the Publishers."
Exclusivity,"Upon the effective date of this agreement COMWARE shall have the exclusive right to purchase, at the DISCOUNTS described below, and resell Products to potential customers during the Initial Distribution Period,"
Auto-Renewal,"This Agreement will automatically renew for additional 1-year terms unless earlier terminated pursuant to this Agreement's express provisions (together with the Initial Term, such additional periods the ""Term"")."
Auto-Renewal,"This JV Agreement shall become effective on the signing date and shall have a duration of * years, extendable for a further * years, unless notice of non- renewal is sent one year before the natural expiry date."
Auto-Renewal,This Agreement shall be automatically renewed for successive one year periods unless either party gives written notice of termination to the other party at least thirty (30) days prior to the date of expiration.
Non-Compete,WPT or its affiliates shall not authorize a Zynga Competitor to commercially exploit the Licensed Property in connection with social poker gaming via a license similar to the license granted herein for the Term.
Insurance,"Each party shall carry appropriate and commercially reasonable amounts of insurance adequate for the activities detailed in this Agreement, as well as sufficient levels of all legally mandated insurance, if any."
Non-Compete,"Further, Marketing Affiliate shall not market similar products from competing companies on any Web Site Landing Page containing the Equidata or Marketing Affiliate Web link as long as this Agreement is in effect."
Exclusivity,Reseller shall not obtain the TouchStar Software or Support Services (or any software or services which compete with the TouchStar Software) for sale from any Entity other than TouchStar or its authorized agents.
Payment Terms,"Party A shall charge Party B energy saving service fee according to the income from CDQ waste heat power generation station. (Page 3) Each party shares 50% of the policy rebate, award, and preferential treatment."
Change of Control,"In the event a party undergoes a Change of Control Event as defined in Section 14.5, the other party may terminate the Agreement upon thirty (30) days written notice to the party undergoing the Change of Control."
Warranty,"Change Orders do not however cover any bug or glitch fixing produced out of the code written by Developer as any ""bug"" will be fixed by Developer for free up to 3 months after final delivery (Bug Fixing Warranty)."
Non-Compete,"Party A may not make any identical or similar cooperation regarding the real estate and home furnishing information, products and data in its real estate and home furnishing channel with any competitor of Party B."
Non-Compete,"Notwithstanding the foregoing, this Section 2.2 shall not be deemed to apply to agreements executed prior to the date of this Agreement between the HOF Entities and Johnson Controls, Inc. or any of its affiliates."
Non-Compete,"In the event that ISA wishes to carry out any software development work of any nature during the Non-Competition Period, it will notify Rubicon of the same and allow Rubicon the opportunity to pitch for such work."
Liability,"The arbitrator shall not award any Party punitive, exemplary, multiplied or consequential damages, and each Party hereby irrevocably waives any right to seek such damages in arbitration or in judicial proceedings."
Auto-Renewal,"This Agreement shall be automatically renewed for an additional one year period on each anniversary of the Effective Date, unless terminated by either Party hereto upon ninety (90) days written notice to the other."
Intellectual Property,"We grant to you and you accept a limited, non-exclusive License to use the Marks and the System during the Term at, and in connection with, the operation of the Hotel in accordance with the terms of this Agreement."
Exclusivity,"Distributor shall (a) procure the Products solely from STAAR (or its affiliates) (Page 1) Subject to Section 8.3, Distributor's right to market, distribute and sell the Products in the Territory shall be exclusive."
Auto-Renewal,This agreement shall automatically renew for successive six (6) month periods unless written notice is provided of either party's intent not to renew at least six (6) months before the end of the then-current term.
Non-Compete,MKOS will not seek to acquire any technologies presented to MKOS by UTEK from the technology developer directly or indirectly for a period of 24 months following the termination of this Strategic Alliance Agreement.
Change of Control,"This JV Agreement cannot be assigned by a Party, also as a result of the transfer of a business as a going concern, of a merger, of a de-merger or of a spin-off, without the prior written consent of the other Party."
Non-Compete,"Notwithstanding the foregoing, it is understood that Auriemma has no control or influence over any decisions by the University of Connecticut to enter into any arrangement or agreement with any Berkshire Competitor."
Audit Rights,All such records required to be created and maintained pursuant to Section 2.12(a) shall be kept available at the Operator's office and made available for the Owner's inspection upon request at all reasonable times.
Dispute Resolution,"LEA shall not at any time do or cause to be done any act, omission, or thing contesting or in any way impairing or tending to impair any part of T&B's right, title and interest in the Licensed Intellectual Property."
Intellectual Property,"Subject to the terms and conditions of this Agreement, Igene shall transfer and assign, or cause to be transferred and assigned, to the Operating Company the Transferred Assets described in Appendix 3.2. (Pages 4-5)"
Change of Control,"In the event more that there is a change in ownership representing fifty percent (50%) or more of the equity ownership of either party, the other party may, at its option, terminate this Agreement upon written notice."
Liability,"Each of the Parties expressly waives and agrees not to seek indirect, consequential, punitive or exemplary damages of any kind with respect to any dispute arising out of or relating to this Agreement or breach hereof."
Audit Rights,"Dolphin shall permit any duly authorized representative of DGT, during normal business hours and at DGT's sole risk and expense, to enter upon and into any premises of Dolphin for the purpose of inspecting the service."
Auto-Renewal,Distributor shall have the option to renew this Agreement for an additional Three (3) year period by providing prior written notice to Company within Ninety (90) days of the end of the initial period of this Agreement.
Warranty,"Customer or its designees shall, within a period of [* * *] after the date of physical receipt of any shipment of Product from Supplier, inspect the Product for any shortages or any defects or deviations of the Product"
Auto-Renewal,"Upon expiry of the Initial Term, this Agreement [*****] unless a Notice of non-renewal is given by either Party to the other Party [*****] prior to the expiry of the Initial Term or the end of a renewal period, if any."
Auto-Renewal,"Subject to the other provisions of this Agreement, the term of this Agreement shall commence on the Effective Date and shall remain in effect until terminated by either Party upon thirty (30) days' prior written notice."
Exclusivity,"In order to allow SC&W to expand the distribution system in Nevada with select and controlled subagents, an exclusive agency agreement will be negotiated which will spell out the terms and conditions of the relationship."
Auto-Renewal,"This Agreement shall automatically be renewed for successive one (1) year increments unless either party request in writing, at least ninety (90) days prior to the anniversary date, that this Agreement not to be renewed."
Auto-Renewal,"This Agreement shall be automatically renewed for additional successive one (1) year periods, unless written notice of non-renewal is received no later than six (6) months prior to the expiration of the then current term."
Exclusivity,Lucid appoints the Distributor and the Distributor accepts appointment as an exclusive authorized Lucid Distributor. (Page 1) The Distributor is appointed as an exclusive Distributor within the following territories: [*].
Auto-Renewal,"Thereafter, the Maintenance Term shall automatically renew for successive period, 12 months, on the terms and conditions of this Agreement unless Bank of America terminates Maintenance Services pursuant to this Agreement."
Non-Compete,"Talent represents and warrants that during the Term and in the Territories, Talent will not endorse or make any appearances or advertisements on behalf of any other product which is directly competitive to ESSI's products."
Intellectual Property,"The Supplier hereby grants to the Distributor the non-exclusive right, in the Territory, to use the Trade Marks in the promotion, advertisement and sale of the Products, subject to, and for the duration of, this agreement."
Audit Rights,University will provide ArTara and CRO the opportunity to examine the originals of medical records and supporting records for the Program Data at the University during normal business hours and at mutually agreeable times.
Audit Rights,"SHPS shall have the right, upon reasonable prior written notice, to examine, copy and audit such records. Such audit shall be conducted at the location where such records are maintained and shall be at the expense of SHPS."
Auto-Renewal,"After the Initial Term, this Agreement shall continue on a month to month basis until terminated by either party upon thirty (30) days prior written notice to the other setting forth the effective date of such termination."
Audit Rights,"Until one (1) year after the expiration of the Profit Participation of each Project, the books and records will be available for inspection by a certified accounting firm or CPA once per year upon reasonable advance notice."
Intellectual Property,"Tripath grants to Distributor a non-exclusive license to use Tripath's trademarks, trade names and service marks only in connection with the Products and in the performance of Distributor's obligations under this Agreement."
Payment Terms,PageMaster Corporation will pay Go Call $3.00 per pager (beginning with pager # 1) and 5% of all airtime renewal revenue for each pager redeemed for this promotion consistent with the terms of paragraph 6b of this Agreement.
Payment Terms,A *donation of $0.05 per Unit sold of Licensed Products within the Contract Territory payable to the **NFL Alumni Northern California Chapter. (Page 2) The NFLA-NC will donate 15% of the above described proceeds to the NFLA.
Dispute Resolution,"At no time shall IAC challenge or assist others to challenge the Sonos Marks, or registrations thereof, or attempt to register any trademarks, service marks, trade names or other marks confusingly similar to the Sonos Marks."
Payment Terms,"Dr. Murray will receive an annual royalty on net sales (defined as gross sales minus returns) for any products (the ""Dr. Murray Products"") developed by Dr. Murray for EHN for as long as the Dr. Murray Products are being sold"
Intellectual Property,"Under the terms and conditions of this Agreement, VOTOCAST hereby grants to Licensee a nonexclusive, nontransferable license, to access the Services and provide Licensee's users (""Licensee Users"") with access to the Services."
Payment Terms,"The prices payable by Ultragenyx to Cremer for the Product (the ""Price"") shall be agreed [***] every contract year; provided, that the Price may not increase more than the [***] for such period or [***]%, whichever is higher."
Auto-Renewal,"This Agreement shall automatically extend for an additional two (2) years on the same terms herein (""Renewal Term"") provided WPT receives payments greater than twelve million U.S. dollars ($12,000,000) within the Initial Term."
Auto-Renewal,"If Distributor complies with all of the terms of this Agreement, the Agreement shall be renewable on an annual basis for one (1) year terms for up to another ten (10) years on the same terms and conditions as set forth herein."
Payment Terms,"Division of Income and Losses. All income and credits, and all losses and deductions shall be owned and shared among the Joint Venturers as follows: 50% to Collectible Concepts Group, Inc. 50% to Pivotal Self Service Tech, Inc."
Exclusivity,"During the Term of this Agreement and within the Contract Territory, North agrees not to enter into an agreement with another company or entity for the purpose of endorsing or promoting products similar to the Endorsed Products."
Warranty,"Unless Liquidmetal notifies Eutectix that the Liquidmetal Product does not meet the Specifications within thirty (30) calendar days after receipt of the Liquidmetal Product, then the Liquidmetal Product shall be deemed Accepted."
Auto-Renewal,"This JSMA will be terminated as of the end of the Term or any Renewal Term, by either Party giving written notice of non-renewal to the other Party no less than 120 prior to the applicable expiry date (the ""Termination Period"")."
Liability,"NOTWITHSTANDING ANYTHING TO THE CONTRARY HEREIN, NEITHER PARTY SHALL BE LIABLE FOR ANY INDIRECT, SPECIAL, INCIDENTAL, CONSEQUENTIAL OR EXEMPLARY DAMAGES, WHETHER FORESEEABLE OR NOT, THAT ARE IN ANY WAY RELATED TO THIS AGREEMENT."
Auto-Renewal,"Thereafter, this agreement will renew automatically from year to year unless cancelled in writing by either Party giving the other written notice of such cancellation a minimum of 60 days before the end of the then current term."
Auto-Renewal,Term: twelve (12) months from the date of the Agreement which term shall automatically renew for an additional twelve (12) months on such date if the Agreement is not otherwise terminated according to Section 8 of the Agreement.
Exclusivity,"The Company hereby appoints and grants Distributor the exclusive right to sell the products of the Company, including the Snotarator™ Nasal Aspirator, (""Products"") listed in the current ""Price List"" (Exhibit ""A"" attached hereto)."
Non-Compete,"Unless accepted by the Principal, the Distributor agrees that during the term of this Agreement, the Distributor, either directly or indirectly, shall handle no products that are competitive with the Products within the Territory."
Insurance,Power2Ship is advised to obtain and maintain property and casualty insurance for the Equipment against all risks of loss or damage. (Page 4) The amount of such insurance shall not be less than the replacement cost of the Equipment.
Auto-Renewal,"The term of this Agreement is twelve (12) months from the date hereof, and will be automatically renewed for one (1) additional twelve month period unless either party shall notify the other in writing of its intention not to renew."
Intellectual Property,"CONSULTANT hereby gives and grants to ADAMS GOLF the exclusive right and license to use CONSULTANT'S ENDORSEMENT in connection with the manufacture, sale, distribution, advertising and promotion of PRODUCT in the CONTRACT TERRITORY."
Audit Rights,"Upon reasonable notice to Distributor, Distributor shall make such books and records available to Developer, at Distributor's place of business during normal business hours, to audit the payments being made by Distributor hereunder."
Auto-Renewal,"This Agreement may be renewed for additional periods of one (1) year (each such additional period, a ""Renewal Term"") unless either Party provides notice of nonrenewal upon not less than [***] prior written notice to the other Party."
Payment Terms,"During the Term of this Agreement, either Party may request an increase or decrease of the Fees specified in Exhibit C no more than [* * *] and such change in Fees shall take effect on [* * *] for which such Fee change is requested."
Auto-Renewal,"The term of this Agreement shall be for one (1) year commencing on the Effective Date and automatically renewing annually thereafter, unless either party provides a thirty-day notice of written termination one to the other (""Term"")."
Change of Control,"In the event of any material change in the organization, ownership, management or control of the business of the Agent, the Company may, at its option, terminate this Agreement upon giving written notice of termination to the Agent."
Liability,"EXCEPT IN THE EVENT OF A CLAIM UNDER SECTION 10 OR FAILURE TO PAY UNDER SECTION 6, IN NO EVENT SHALL EITHER PARTY BE LIABLE TO THE <omitted> OTHER PARTY IN AN AMOUNT GREATER THAN THE AMOUNT BOXLOT ACTUALLY PAYS TO THEGLOBE HEREUNDER."
Audit Rights,"On reasonable notice, each party shall have the right to examine said books and records; provided that such examination will be made no more than twice in any given twelve month period, and shall be made during normal business hours."
Dispute Resolution,"Franchisee shall not challenge, directly or indirectly, Franchisor's interest in, or the validity of, any Franchisor Property, or any application for registration or trademark registration thereof or any rights of Franchisor therein."
Auto-Renewal,"This agreement shall renew automatically each year thereafter, unless either party serves written notice of its intention not to renew, on the other at least 90 days prior to the expiration of the then current term of this agreement."
Non-Compete,"During the Term of this Agreement, and for a period of one year thereafter, except as expressly provided in this Agreement, PlanetCAD shall not market any services to Customers without the prior written approval of Dassault Systemes."
Intellectual Property,"(i) Subject to the terms and conditions of this Agreement, D2 hereby grants LICENSEE a perpetual non-exclusive, worldwide license, to use Licensed Technology in Object Code format only as an incorporated part of the Licensee Product."
Change of Control,"During the Term, Supplier will promptly notify Customer in writing if at any time a Change of Control shall occur as to Supplier, such notification to be given no later than fifteen (15) days following such Change of Control. [* * *]"
Exclusivity,"Pursuant to the DA, and subject to its terms, ARGO agreed to appoint YEC as the exclusive distributor of its products in the Territory specified therein, and YEC agreed to market and distribute Argo's products in a professional manner"
Insurance,"The deposit accounts of the Bank are insured by the FDIC up to the applicable limits; and no proceedings for the termination or revocation of such insurance are pending or, to the best knowledge of the Company or the Bank, threatened."
Intellectual Property,"The Manufacturer has appointed the Customer the copyright holder of both the English and the Chinese version of the book How to achieve Super Health beyond 2000 - Advanced Edition, authored by Frank D.P. Ellis and Dr. Michael Tait M.D."
Dispute Resolution,"In addition, Neoforma shall not now or in the future contest the validity of VerticalNet's Intellectual Property. (Page 8) In addition, VerticalNet shall not now or in the future contest the validity of Neoforma's Intellectual Property"
Audit Rights,"The Servicer shall maintain appropriate books of account and records relating to services performed hereunder, which books of account and records shall be accessible for inspection by the Owner at any time during normal business hours."
Intellectual Property,"Reseller is hereunder licensed to market MediaNet Group Technologies' Brand-A-Port portals (""PORTALS"") and to resell MediaNet Group Technologies products and services for compensation in accordance with the annexed ""RESELLING SCHEDULE."
Intellectual Property,"Subject to the terms and conditions herein, Licensor hereby grants to Licensee a non-exclusive, non- transferable, and (subject to Section 1.2 hereof) non-sublicensable license for the use of the Brand solely for the Permitted Activity."
Audit Rights,"On request of Buyer, Buyer is allowed to carry out on-site manufacturing and quality audits in manufacturing units where Products are produced. (Page 4) The frequency of such audits shall not exceed one audit per site within three years"
Payment Terms,"Adaptimmune agrees to commit funding in an amount of at least nineteen million six hundred and forty four thousand Dollars US ($19,644,000) for the performance of the Studies as set out in Exhibit I during the term (""Alliance Funding"")."
Payment Terms,"In addition to payments due North by Company as set forth in paragraphs 7.a. above, Company further agrees to pay North a one percent (1%) royalty on all Gross Revenue generated from the sale of all Company Products (herein ""Royalties"")."
Audit Rights,"During the term of this Agreement, Distributor shall afford to Hydraspin and its authorized representatives full access at all reasonable times and upon reasonable prior notice, to all such books and records with respect to the Products."
Payment Terms,The Company shall produce no less than forty (40) original episodes of the Show per year (Page 1) The Company agrees to feature not less than two (2) persons designated by Cano as guests on not less than six (6) separate episodes per year.
Intellectual Property,The parties hereby agree that the copyright in the Product sound recording compilation will be jointly registered by Integrity in the names of Integrity and TL. (Page 4) TL will trademark the series name in joint names of TL and Integrity.
Non-Compete,"During the cooperation between the parties, Party A agrees not to enter into any form of cooperation with Qihoo 360, unless PartyA needs such cooperation with Qihoo 360 for business or technology and Party B has provided its prior consent."
Intellectual Property,"XC does hereby grant AJR a limited and non-transferable license and non-exclusive right to use XC's logo and trademarks and service marks set forth on Schedule A attached hereto (the ""Licensed Materials"") during the Term of this Agreement."
Payment Terms,No later than 30 days after the end of each contract year the Base Fee must be increased or decreased in accordance with the increase or decrease in the CPI and such increases or decreases will be calculated by using the following formula:
Liability,"NEITHER PARTY SHALL HAVE ANY LIABILITY FOR ANY INDIRECT, SPECIAL, PUNITIVE OR CONSEQUENTIAL DAMAGES INCLUDING, WITHOUT THE LIMITATION, LOSS OF PROFIT OR BUSINESS OPPORTUNITIES, WHETHER OR NOT THE PARTY WAS ADVISED OF THE POSSIBILTY OF SUCH."
Payment Terms,"Subject to the following sentence, the Consultant will be entitled to receive up to a one-time bonus of 1,500,000 shares of common stock of the Company promptly after the value of the Company's outstanding stock equals $100 million dollars."
Payment Terms,"Products must be ordered in the minimum and/or standard lot size quantities specified in the Price Schedule. (Page 2) Orders for less than minimum or non-standard lot size quantities of any Product may, at NETGEAR's discretion, be rejected."
Liability,"In the event Subcontractor directly employs or contracts with an employee of EDGE without the consent of EDGE, Subcontractor shall pay as liquidated damages two times the then monthly salary of the employee for a three-month period of time."
Exclusivity,"Subject to Client's prior written approval in each case, EFS shall have the right to work with Client's manufacturers for the production of Merchandise that will be designed and offered for sale exclusively via the Playboy Commerce Business."
Exclusivity,"IMPCO expressly agrees that during the existence of this Agreement, IMPCO shall not enter into any other Joint Venture Agreement or Marketing/Distribution Agreement, with any company or person(s) in the Territory with respect to the Products."
Exclusivity,"Each Item listed in Exhibit 3 (""Main Elements covered under this Agreement"") and Exhibit 6 (""LRUs covered by repair and standardexchange Services"") withdrawn from the Stock and used by the Company shall be exclusively repaired by the Repairer."
Change of Control,"During the term of this Agreement, if MSL decides to sell a substantial portion of its assets or operations outside the ordinary course of its business, or to merge or transfer ownership of MSL to a third Party, MSL will immediately notify IBM."
Payment Terms,"In connection with the Development, manufacture and Commercialization of the Product and fulfillment of PB's obligations hereunder, PB shall spend at least an amount equal to the amount of funding paid by SFJ to PB pursuant to this Section 4.2."
Change of Control,"In the case that either company is acquired by, or merges with, another company which has reason to not wish to continue the relationship, that company may make a contract buyout payment [*] for the [*], with a [*] buyout payment amount of [*]."
Insurance,"6.1 Both parties shall at all times while this Agreement is in effect and for one (1) year thereafter, at its expense, carry and maintain, at its own expense, insurance on all its operations necessary to comply with insurance laws as applicable."
Liability,"NOTWITHSTANDING THE FOREGOING, NOTHING IN THIS SECTION IS INTENDED TO LIMIT OR RESTRICT THE DAMAGES AVAILABLE FOR BREACHES OF SECTION 3.1 (GRANT OF RIGHTS), SECTION 5 (CONFIDENTIALITY PROVISIONS), OR SECTIONS 8.1 AND 8.2 (OWNERSHIP AND LICENSE)."
Audit Rights,"AEIS and/or their appointed representatives of AEIS or American Express Travel Related Services Inc. as solely determined by AEIS, shall be entitled to inspect and approve Seller's safekeeping facilities at any time during normal business hours."
Non-Compete,"Life Technologies will be authorized to perform the Professional Component of all Tests sold by the parties, although Biocept may engage other groups in promotion, marketing and performance arrangements for the Tests, at the discretion of Biocept."
Audit Rights,"Contractor shall permit Customer to audit its quality procedures, upon three (3) business day advance written notice to Contractor and shall provide all assistance which is reasonably necessary for Customer to evaluate the quality of the Products."
Liability,"IN NO EVENT WILL EQUIDATA BE LIABLE FOR ANY INDIRECT, EXEMPLARY, PUNITIVE, SPECIAL, OR CONSEQUENTIAL DAMAGES INCLUDING WITHOUT LIMITATION LOST PROFITS OR OTHER ECONOMIC LOSS, LOST REIMBURSEMENTS, AND LOST DATA, OR FOR ANY CLAIM BY ANY THIRD PARTY."
Liability,"NEITHER PARTY SHALL HAVE ANY LIABILITY HEREUNDER FOR ANY INDIRECT, SPECIAL, PUNITIVE OR CONSEQUENTIAL DAMAGES INCLUDING, WITHOUT LIMITATION, LOSS OF PROFIT OR BUSINESS OPPORTUNITIES, WHETHER OR NOT THE PARTY WAS ADVISED OF THE POSSIBILITY OF SUCH."
Liability,"Except with respect to any claim or liability arising from an infringement of any third party intellectual property right, in no event shall either party be liable for any special, indirect, consequential, punitive or incidental damages of any kind"
Liability,"Except with respect to any claim or liability arising from an infringement of any third party intellectual property right, in no event shall either party be liable for any special, indirect, consequential, punitive or incidental damages of any kind."
Payment Terms,"In consideration for the licenses granted hereunder, Company agrees to pay to CSA as follows: a. A [***]in the amount of [***]of Company's revenues from sales of the Property Training Course and all Products after deductions for VAT, returns, refunds"
Liability,"NEITHER PARTY SHALL BE LIABLE TO THE OTHER FOR ANY SPECIAL, CONSEQUENTIAL, INCIDENTAL, PUNITIVE, OR INDIRECT DAMAGES OR LOST PROFITS ARISING FROM OR RELATING TO ANY BREACH OF THIS AGREEMENT, REGARDLESS OF ANY NOTICE OF THE POSSIBILITY OF SUCH DAMAGES."
Non-Compete,"During the Term of this Agreement and during the three year period after the expiration or termination of this Agreement, the Licensee will not solicit any person employed by Licensor and/or its Affiliates to leave his or her employment with Licensor."
Non-Compete,Notwithstanding the foregoing Nantz shall be permitted to wear a Lynx hat or clothing logo when performing promotional services for Lynx and to use Lynx equipment when performing any promotional services for the Company in which equipment will be used.
Payment Terms,"In full consideration of the provision of the services of the Blockchain Administrator set forth herein, the Fund shall pay the Blockchain Administrator a fees calculated at the annual rate of 0.20% of the value of the Fund's average annual net assets."
Insurance,The BSP will provide full comprehensive replacement insurance cover for all assets contained in the Asset Register (Schedule A). (Page 36) The BSP will provide documentary evidence to Datec that such insurance is in place for the term of the agreement.
Change of Control,Either party may terminate this Agreement upon 30 days written notice if either Party's corporate structure has undergone a material ownership change such that its corporate interests are then in conflict with the corporate interests of the other Party;
Audit Rights,Accurate and complete books of account of the transactions of the Venture will be kept in accordance with generally accepted accounting principles (GAAP) and at all reasonable times will be available and open to inspection and examination by any Member.
Liability,"FOR THE AVOIDANCE OF DOUBT, THE PARTIES HEREBY ACKNOWLEDGE AND AGREE THAT NOTHING IN THIS SECTION 8.2 [No Consequential Damages] IS INTENDED TO LIMIT ANY RIGHT OF ACSI TO RECEIVE LIQUIDATED DAMAGES AS SET FORTH IN SECTION 10.5.2 [Effect of Termination]."
Liability,"No party will be liable to any other for any indirect, consequential, or special damages or for loss of profits. This limitation does not, however, apply to any obligation of either party to indemnify the other in connection with any Indemnifiable Loss."
Liability,"EXCEPT UNDER SECTIONS 13(a) AND 13(b), THE LIABILITY OF EITHER PARTY FOR DAMAGES OR ALLEGED DAMAGES HEREUNDER, WHETHER IN CONTRACT, TORT OR ANY OTHER LEGAL THEORY, IS LIMITED TO, AND WILL NOT EXCEED, THE AMOUNTS TO BE PAID BY CLIENT TO EXCITE HEREUNDER."
Non-Compete,"KCI pledges that it will not circumvent the relationships among venders, providers and clients developed by Provider either directly or indirectly, during the contract period and for a period of up to 2 (two) years following termination of this contract"
Non-Compete,"You agree that during the term of this Agreement, you will not, without our prior written consent, either directly or indirectly through any other person or entity: <omitted> 17.1.3. Induce any person to leave his or her employment with us. (Pages 35-36)"
Payment Terms,"In consideration of the services rendered pursuant to this Agreement, Integrity shall receive the excess, if any, of the sales price, as set forth in the Fund's Registration Statement, over the net asset value of Shares sold by Integrity, as underwriter."
Change of Control,"No transfer of this Agreement by operation of law or change in Control of a party, including, without limitation, by merger, consolidation or sale or other transfer of equity interests, shall be considered an assignment for purposes of this Section 11.9."
Liability,"NEITHER PARTY SHALL BE LIABLE TO THE OTHER FOR ANY SPECIAL, CONSEQUENTIAL, INCIDENTAL, PUNITIVE, OR INDIRECT DAMAGES OR FOR LOST PROFITS ARISING FROM OR RELATING TO ANY BREACH OF THIS AGREEMENT, REGARDLESS OF ANY NOTICE OF THE POSSIBILITY OF SUCH DAMAGES."
Non-Compete,Any such agreement reached between Zanotti and Aura regarding such worldwide sales and marketing shall prohibit competition among Zanotti and Aura with regard to AETRU Systems and shall be memorized in a separate agreement between the Parties. (Pages 5-6)
Liability,"EXCEPT FOR PIVX'S OBLIGATIONS UNDER SECTION 4.2, IN NO EVENT SHALL PIVX'S OR ITS LICENSORS' LIABILITY TO DETTO OR ANY THIRD PARTY ARISING OUT OF THIS AGREEMENT EXCEED THE TOTAL AMOUNT ACTUALLY RECEIVED BY PIVX HEREUNDER DURING THE PREVIOUS SIX (6) MONTHS."
Insurance,"The Venture may acquire insurance on behalf of any Member, employee, agent or other person engaged in the business interest of the Venture against any liability asserted against them or incurred by them while acting in good faith on behalf of the Venture."
Warranty,The following products are eligible for return and reimbursement: ¬∑ Outdated Product: Product within two (2) months prior or six (6) months past expiration date and noted on product; AND ¬∑ Product in its original container and bearing its original label.
Liability,"IN NO EVENT SHALL EITHER PARTY BE LIABLE TO THE OTHER PARTY UNDER THIS AGREEMENT IN A DIRECT ACTION BETWEEN THE PARTIES FOR SPECIAL, INDIRECT, INCIDENTAL OR CONSEQUENTIAL DAMAGES (INCLUDING, WITHOUT LIMITATION, LOSS OF PROFITS) SUFFERED BY THE OTHER PARTY."
Payment Terms,"Pursuant to the Purchase Agreement, Gulf Houghton shall receive cash consideration and shares of Buyer's capital stock in exchange for the Shares owned by Gulf Houghton and as inducement for Gulf Houghton and the other Sellers to enter into this Agreement."
Liability,In the event of any error or delay with respect to both the Fund/SERV Processing Procedures and the Manual Processing Procedures outlined in Exhibit B herein: <omitted> but specifically excluding any and all consequential punitive or other indirect damages.
Payment Terms,"Reseller acknowledges that meeting the Quotas is an essential element of this Agreement and that this Agreement may be terminated by TouchStar if, in TouchStar's reasonable opinion, Reseller will not meet the Quotas during the Term or any extension thereof."
Non-Compete,"If, at any time during the Term of this Agreement, HCI fails to meet the content requirements set out in paragraphs 3(f), (g) and (h), HCI shall no longer be entitled to be the exclusive health content partner in the health section of the Sympatico web site."
Non-Compete,"For the avoidance of doubt, the parties acknowledge that the foregoing restriction applies only to persistent sponsorship placement as judged by Sponsor at its discretion, and not to run-of-site banner advertisements or other rotating promotional placements."
Liability,"IN NO EVENT SHALL EITHER PARTY BE LIABLE TO EACH OTHER OR ANY OTHER ENTITY FOR ANY SPECIAL, CONSEQUENTIAL, INCIDENTAL OR INDIRECT DAMAGES, HOWEVER CAUSED, ON ANY THEORY OF LIABILITY, AND NOTWITHSTANDING ANY FAILURE OF ESSENTIAL PURPOSE OF ANY LIMITED REMEDY."
Audit Rights,"MA shall keep accurate records of the sales of the Technology and Maintenance, including Client Registration Cards and shall make these records available for review by a representative of Company within ten (10) business days following the end of each month."
Non-Compete,"TELKOM shall not copy the source code, nor disclose it to any third party except agents retained by TELKOM to assist in maintaining the SOFTWARE, provided that no such agent is in the business of marketing or developing SOFTWARE competitive with the SOFTWARE."
Audit Rights,"These records shall be available for examination during normal business hours by accountants representing the other Party, who shall be entitled to perform an audit and to make copies and extracts, and receive any explanations that may reasonably be requested."
Liability,"Each Party agrees that in the event it violates the provisions of this Section 15.9, it will pay to the other Party as liquidated damages, and not as a penalty, an amount equal to one hundred times (100 X) of any such employee's then-current base annual salary."
Exclusivity,"Distributor will not purchase Products for resale to any Reseller from any person or entity other than Cisco, provided that Distributor may accept returned Product from Resellers if Distributor initially sold the Product to be returned to such Reseller. [*****]"
Audit Rights,"At all times during the Term and for six (6) months following the termination of this Agreement, WYZZ shall have the right, upon prior written request to Nexstar, to review all of the books and records of Nexstar relating to the BCF Report and the Distributions."
Exclusivity,"For the Initial Term of this Agreement, iVillage agrees that Ford shall be the exclusive automobile manufacturer sponsor and advertiser throughout the Network, with respect to entities whose primary business is that of an automotive manufacturer and/or retailer."
Liability,"NOTWITHSTANDING THE FOREGOING, NOTHING IN THIS SECTION 14.7 IS INTENDED TO OR SHALL LIMIT OR RESTRICT THE INDEMNIFICATION RIGHTS OR OBLIGATIONS OF ANY PARTY UNDER ARTICLE 14, OR DAMAGES AVAILABLE FOR A PARTY'S BREACH OF CONFIDENTIALITY OBLIGATIONS IN ARTICLE 12."
Liability,"It is expressly agreed that the Agent shall not be liable for any loss, liability, claim, damage or expense or be required to contribute any amount which in the aggregate exceeds the amount paid (excluding reimbursable expenses) to the Agent under this Agreement."
Change of Control,"In the event of a Change of Control (as defined below) this Agreement shall immediately terminate. (Page 7) A Change of Control shall occur with respect to the Manufacturer, unless Subcontractor shall have expressly consented to such Change of Control in writing."
Exclusivity,"During the Term, each Party hereby provides a worldwide, exclusive, royalty free, perpetual license of such Intellectual Property Rights for use by each licensee in its business in connection with the development and marketing and commercialization of the Product."
Audit Rights,"Bioamber shall have the right to audit Cargill time sheets from time to time. (Page 2) Such audit shall occur once per year during reasonable business hours by an independent third party agreed to by both parties, who shall be under obligations of confidentiality."
Non-Compete,"Further, during the Non-Competition Period, Rubicon shall not solicit any employee of ISA or any employee of any ISA Client. (Pages 3-4) Further, during the Non-Competition Period, ISA shall not solicit any employee of Rubicon or any employee of any Rubicon Client."
Liability,"Upon termination of this Agreement, NEITHER PARTY SHALL BE LIABLE TO THE OTHER FOR ANY CONSEQUENTIAL, EXEMPLARY, SPECIAL, INCIDENTAL OR PUNITIVE DAMAGES, EVEN IF IT HAS BEEN ADVISED OF THE POSSIBILITY OF SUCH DAMAGES, WHICH ARE RELATED TO THE AGREEMENT OR ITS BREACH."
Exclusivity,"During the License Term (which is identified in the Deal Terms), Producer agrees that ConvergTV has the exclusive right to exercise the rights granted to it under this Agreement with respect to the Program, including those in Section 1, within the Licensed Territory."
Audit Rights,"For such purpose, and without derogating from other terms herein, CBC shall permit MediWound, and/or a consultant on MediWound's behalf, to access and inspect the CBC facility and advise MediWound and/or CBC on such actions to be taken for accomplishing such compliance."
Change of Control,"In the event of the merger or consolidation of Company with any other entity, Licensor shall have the right to terminate the Contract Period by so notifying Company in writing within sixty (60) days following Licensor's receipt of notice of such merger or consolidation."
Change of Control,"In the event of the merger or consolidation of Company with any other entity, Pey Dirt shall have the right to terminate the Contract Period by so notifying Company in writing on or before sixty (60) days after Pey Dirt has received notice of such merger or consolidation."
Non-Compete,"In return for this payment, for a two-year period following the termination date, Agency will not directly or indirectly sell any professional liability insurance to any individuals or entities who were MICOA insureds in Nevada at the time of termination of this Agreement."
Insurance,"The Company agrees that it shall: (i) comply with the laws and regulations that govern its business; (ii) carry reasonable amounts of insurance, whether through self-insurance or otherwise, to cover its responsibilities with respect to indemnification under Section 9 below."
Audit Rights,"For at least two (2) years after termination of this Agreement, Distributor will maintain its records, contracts, and accounts relating to distribution of Airspan Products, and will permit examination thereof by authorized representatives of Airspan at all reasonable times."
Change of Control,"This Agreement and all rights and licenses granted under this Agreement shall terminate as soon as practicable, but no longer than thirty (30) days, after: 3.2.1 Licensee is acquired by a third party; or 3.2.2 Licensor or any affiliate of Licensor ceases to manage Licensee."
Dispute Resolution,"Agent agrees that it shall take no action inconsistent with Kallo ownership of the Trademarks and agrees not to challenge Kallo's rights in or attempt to register any of the Trademarks, or any other name or mark owned or used by Kallo or any mark confusingly similar thereto."
Audit Rights,"Distributor shall make these records available for audit by Cisco upon [*****] prior written notice, during regular business hours, at Distributor's principal place of business or such other of Distributor's locations where Distributor may maintain relevant records. [*****]."
Liability,"NOTWITHSTANDING THE FOREGOING, NOTHING IN THIS SECTION 11.4 IS INTENDED TO OR SHALL LIMIT OR RESTRICT THE INDEMNIFICATION RIGHTS OR OBLIGATIONS OF ANY PARTY UNDER SECTION 11.1 or 11.2, OR DAMAGES AVAILABLE FOR A PARTY'S BREACH OF CONFIDENTIALITY OBLIGATIONS UNDER ARTICLE 12."
Warranty,"With respect to Qwik-Fix Pro delivered by PivX to Detto on CD-Rom, PivX warrants that for a period of thirty (30) days following delivery to Detto, the media on which Qwik-Fix Pro is furnished to Detto will be free from defects in materials and workmanship during normal use."
Non-Compete,"During the Term of this Agreement, FCE will not conduct any Work using Generation 1 Technology in Carbon Capture Applications or any Work using Generation 2 Technology, independently or with third parties outside this Agreement, without prior written approval from ExxonMobil."
Liability,"A Participant will not be liable to the Joint Venture, or to any other Participant, for any mistake or error in judgment or for any act or omission done in good faith and believed to be within the scope of authority conferred or implied by this Agreement or the Joint Venture."
Non-Compete,"Beginning on the Launch Date and continuing during the Term, VerticalNet shall not place advertising relating to the commercial printing entities listed on Exhibit ""A,"" or other such entities subsequently identified by Impresse, on the VerticalNet Area of the Co-Branded Site."
Exclusivity,"As between the Parties, and without limiting MD Anderson's assistance obligations under Section 7.2(b), LBIO shall have the sole and exclusive right to file patents covering or claiming Inventions and shall bear all costs with respect to the prosecution and maintenance thereof."
Insurance,"The Joint Venture may acquire insurance on behalf of any Participant, employee, agent or other person engaged in the business interest of the Joint Venture against any liability asserted against them or incurred by them while acting in good faith on behalf of the Joint Venture."
Dispute Resolution,"SCIEN agrees that it will not during the term of this Agreement, or thereafter, attack the title or any rights of HEMISPHERX in and to Interferon alfa-n3 (human leukocyte derived) or attack the validity of the license granted herein by HEMISPHERX and solely owned by HEMISPHERX."
Dispute Resolution,"At no time during or after the term of this Agreement shall either party challenge or assist others to challenge the other party's Trademarks or the registration thereof or attempt to register any trademarks, marks or trade names confusingly similar to those of the other party."
Exclusivity,"Each Party agrees that it will not circumvent or attempt to circumvent the other by contacting or participating with any third party with respect to, or otherwise attempting to consummate, the transactions contemplated by this Agreement, except in participation with each other."
Liability,"It is expressly agreed that Capital Resources shall not be liable for any loss, liability, claim, damage or expense or be required to contribute any amount which in the aggregate exceeds the amount paid (excluding reimbursable expenses) to Capital Resources under this Agreement."
Liability,FG's sole obligation and Astellas' sole remedy with respect to Lead Compound which does not meet the warranty contained herein is limited to replacement of such Lead Compound and reimbursement of Astellas' out of pocket expenses for shipping to FG at the address designated by FG.
Audit Rights,"Upon WGT's request, Distributor will provide access to such records for examination, reproduction, and audit by WGT or its representatives. Any such audit will be conducted at such times and in such a manner so as not to unreasonably interfere with Distributor's normal operations."
Audit Rights,"Equidata may audit, at Equidata's expense, the Marketing Affiliate's marketing, practices and activities for the purpose of assuring compliance with this Agreement. (Page 2) Equidata reserves the right to site inspect Marketing Affiliate's physical location of business at any time."
Liability,"In no event shall the AS Parties' indemnification obligations to MusclePharm hereunder exceed the after-tax value of the Cash Consideration received by Lender under this Agreement. (Page 20) IN NO EVENT SHALL THE AS PARTIES BE LIABLE FOR SPECIAL, CONSEQUENTIAL, OR PUNITIVE DAMAGES."
Liability,"No action, case, suit or proceeding, regardless of form, arising out of or related to this Agreement, may be brought by either party more than one (1) year after the cause of action has arisen, or in the case of nonpayment, more than two (2) years from the date of the last payment."
Dispute Resolution,"At no time during or after the Term of this Agreement shall a party challenge or assist others to challenge the other party's Intellectual Property or the registration thereof or attempt to register any trademarks, marks or trade names confusingly similar to those or the other party."
Liability,"If any such action occurs and results in an employee accepting employment with the other Party, the Party with whom the employee accepts employment agrees to pay to the other Party as liquidated damages, an amount equal to two times that particular individual's annual salary and bonus."
Non-Compete,"The Publishers grant HealthGate an exclusive right to carry out the Services, with the exception that the Publishers shall honour current contracts with third parties and Publisher may publish and licence content themselves as long as it does not materially reduce HealthGate's revenue."
Audit Rights,The Adviser shall make available to the Trust during regular business hours all records and other data created and maintained pursuant to the foregoing provisions of this Agreement for reasonable audit and inspection by the Trust or any regulatory agency having authority over the Trust.
Exclusivity,"During the Term, Charterer agrees that Owner will be the sole and exclusive provider of marine transportation services for #2 fuel oil and high sulfur diesel owned by Charterer or owned by others and in transit for sale to Charterer so long as Owner has the required equipment available."
Non-Compete,"In return for the exclusive appointment of Agency by MICOA to sell its professional liability products listed on the <omitted> attached Commission Schedule in Nevada, Agency agrees not to sell any competing professional liability products in Nevada, without the written consent of MICOA."
Change of Control,"In the event of a Change of Control of the Licensee, the Agreement may be terminated by Licensor with immediate effect without any compensation to Licensee or to any other parties. (Page 21) In the event of a Change of Control of the Licensor, the Agreement may be terminated by Licensee"
Liability,"In addition, TPC agrees that Consolidated Artists shall be entitled to the Retainer Fee prorated to the effective date of termination as well any Tournament Bonuses, Money List Bonuses and any Royalty Compensation earned by Consolidated Artists prior to the effective date of termination."
Liability,"Nor shall the Company at any time be liable for any incidental, special or consequential damages. (Page 1) IN NO EVENT SHALL COMPANY BE LIABLE FOR ANY INCIDENTAL OR CONSEQUENTIAL DAMAGES AND DISTRIBUTOR'S REMEDIES SHALL BE LIMITED TO REPAIR OR REPLACEMENT OF NONCONFORMING UNITS OR PARTS."
Liability,"THE FOREGOING SENTENCE SHALL NOT LIMIT (1) THE OBLIGATIONS OF EITHER PARTY TO INDEMNIFY THE OTHER PARTY FROM AND AGAINST THIRD PARTY CLAIMS UNDER SECTION 11.1 OR 11.2, AS APPLICABLE, OR (2) DAMAGES AVAILABLE FOR A PARTY'S BREACH OF THE CONFIDENTIALITY AND NON-USE OBLIGATIONS IN ARTICLE 9."
Non-Compete,"During the Term, MMT shall not Commercialize in any manner any Competing Product in the Field in any country in the Territory; provided, however, the Parties hereby acknowledge that the restrictions set forth in this Section 2.3 shall not apply to any Affiliates of MMT (including Pfizer)."
Liability,"Distributor shall pay WGT fifty percent (50%) of the unpaid balance of cumulative Guaranteed Minimum Purchase amounts as liquidated damages. (Page 4) Therefore, the parties have agreed upon the above payment of liquidated damages in lieu of WGT's claim for actual damages from such breach."
Audit Rights,"Kitov shall have the right (at reasonable intervals, with reasonable prior written notice and during normal business hours, and not more often than annually) to inspect Dexcel's manufacturing facilities used in the manufacture, storage, testing, and/or release for shipment of the Product."
Liability,"Notwithstanding the foregoing, upon any delay by Service Recipient in its payment of any Service Fee to Service Provider, for each day of delay in such payment, Service Recipient must pay Service Provider liquidated damages at 0.5 percent (0.5%) of the Service Fee that are due and unpaid."
Non-Compete,"During the Term, MMT shall not Commercialize in any manner any Competing Product in the Field in any country in the Territory; provided, however, the Parties hereby acknowledge that the restrictions set forth in this Section 2.3 shall not apply to any Affiliates of MMT (including Pfizer)."
Insurance,"In this regarding, within thirty (30) days from the execution of this Agreement, Bizzingo will secure an insurance policy with limits of $5,000,000 per event and $ 5,000,000 umbrella, naming Theismann as an additional insured, covering the losses and claims stated in this sub-paragraph d."
Change of Control,"A change of control shall be deemed an assignment requiring consent hereunder provided that any transfer or assignment that results in Seller's and Buyer's current common parent, Reynolds Group Holdings Limited, ceasing to control either party shall not require consent of the other party."
Audit Rights,"The Distributor undertakes and agrees with the Supplier that at all times during the Term it will: <omitted> allow the Supplier, on reasonable notice, access to its accounts and records relating to the sale or distribution of the Products for inspection but not more than once in each year."
Exclusivity,"Where Oak Ridge has identified a specific market opportunity which has been qualified together with Leclanché pursuant to 5.3 above, the Parties shall undertake to work exclusively with each other on such opportunities; Otherwise there is no exclusivity expressed or implied by either Party."
Warranty,"For claims regarding the quantity or quality of Hydrocarbons, these shall be presented in writing at the latest within fifteen (15) calendar days after the date of delivery or withdrawal of the Hydrocarbon or the date in which the report for the Volumetric Compensation for Quality is issued."
Liability,"In the event that Oceanic Time Warner Cable removes the above content and or terminates this agreement prior to December 31, 2006, Oceanic Time Warner Cable agrees to pay a cancellation fee of Five Thousand Dollars ($5,000) per month multiplied by the number of months remain on the agreement."
Audit Rights,"HDI's General Manager (as hereinafter defined), may upon no less than thirty (30) days prior written notice to the Company, have the right to inspect the records of the Company's General Manager reasonably related to the calculation of such payments during the Company's normal business hours."
Audit Rights,"The parties agree that the records maintained and produced under this Agreement shall, at all times, be available at the Operations Center for examination and audit by governmental agencies having jurisdiction over the Customer's business, including any Federal, State or Puerto Rico Regulator."
Dispute Resolution,"Distributor will not register, attempt to register or assist anyone else to register, directly or indirectly, the Trademarks or any copyright or other proprietary rights associated with the Product in the Territory or elsewhere other than in the name of WGT, without WGT's prior written consent."
Audit Rights,LICENSOR shall have the right to use a certified public accountant to inspect and audit all the related records and books of plan_b to ensure plan_b's compliance with the terms of this Agreement. (Page 1) Such audits shall normally be conducted during normal business hours at plan_b's premises.
Exclusivity,"Subject to the provisions of this Agreement, Airspan hereby appoints Distributor as an independent, exclusive distributor to assist Airspan in marketing the Airspan Products to customers in the Territory, and Distributor hereby accepts such appointment as of the Effective Date of this Agreement."
Non-Compete,"However, Qualigen shall not engage any distributors (whether exclusive or non-exclusive) other than Sekisui for the Qualigen Retained Customers (Page 4) Sekisui shall not, and shall cause its subdistributors not to, market, rent or sell any Products to the Qualigen Retained Customers. 3. Supply;"
Warranty,"In the event that the Product fails to conform to the Product Specifications, and/or GMP, Ultragenyx may reject the Product by giving written notice to Cremer within [***] days after receipt of the Product and all documentation (except such [***] day period will not apply for any latent defect)."
Audit Rights,"In January of each calendar year Constellation shall allow, at the written request and expense of the HOF Entities, the HOF Entities the right to audit during normal business hours all relevant Constellation records related to New Business generated during the immediately preceding calendar year."
Dispute Resolution,"The Franchisee will not directly or indirectly, at any time during the term of this Agreement or thereafter, do or cause to be done any act or thing disputing, attacking or in any way impairing the validity of and BKC's right, title or interest in the Burger King Marks and the Burger King System."
Exclusivity,"Except as may be provided in any Schedule, Customer agrees that, during the Term, Metavante shall be Customer's sole and exclusive provider of all Services included in Metavante's Integrated Banking Solution (deposit and loan processing services provided by Metavante as of the Commencement Date)."
Insurance,"The Company, the MHCs, the Bank and each Subsidiary carries, or is covered by, insurance in such amounts and covering such risks as is adequate for the conduct of their respective businesses and the value for their respective properties as is customary for companies engaged in similar industries."
Non-Compete,"Notwithstanding the foregoing, ExxonMobil hereby grants approval for FCE solely to conduct Authorized Work using Generation 1 Technology with Authorized Third Parties for Carbon Capture Applications and any Work using Generation 2 Technology solely for Power Applications and Hydrogen Applications."
Liability,"Except for claims arising out of Articles 4.3 and 7.0, or as may be set forth in a SOW, neither Party will be liable for any consequential damages, lost profits, lost savings, loss of anticipated revenue, or any exemplary, punitive, special or indirect damages, even if advised of their possibility."
Liability,"EXCEPT UNDER SECTION 13(c) and (d), IN NO EVENT WILL EITHER PARTY BE LIABLE TO THE OTHER FOR ANY SPECIAL, INCIDENTAL OR CONSEQUENTIAL DAMAGES, WHETHER BASED ON BREACH OF CONTRACT, TORT (INCLUDING NEGLIGENCE) OR OTHERWISE, WHETHER OR NOT THAT PARTY HAS BEEN ADVISED OF THE POSSIBILITY OF SUCH DAMAGE."
Liability,"EXCEPT IN THE EVENT OF A BREACH OF SECTION 11, NEITHER PARTY SHALL BE LIABLE FOR SPECIAL, INCIDENTAL OR CONSEQUENTIAL DAMAGES OR LOST PROFITS (HOWEVER ARISING, INCLUDING NEGLIGENCE) ARISING OUT OF OR IN CONNECTION WITH THIS AGREEMENT, EVEN IF THE PARTIES ARE AWARE OF THE POSSIBILITY OF SUCH DAMAGES."
Exclusivity,"Subject to the terms set forth in this agreement, Erchonia grants Distributor the exclusive, non- transferable right and license to promote, distribute and sell the Products identified in Exhibit A to those type of customer specified in Exhibit B and only within the Territory specified in Exhibit B."
Change of Control,"Notwithstanding the foregoing, a Party may transfer or assign its rights under this IP Agreement in connection with a merger, acquisition or sale of all or substantially all of its assets, on condition that it provides the <omitted> other Party with notice of the transfer or assignment. (Pages 17-18)"
Warranty,"APOLLO has the right to reject, via written notification to ESTABLISHMENT within this thirty (30) day period, any or all of a shipment of Product that fails to satisfy any warranty in this Agreement and may reject all of a given Lot of Product if a statistical sample does not meet the Specifications."
Liability,"EXCEPT FOR IN THE EVENT OF WILLFUL MISCONDUCT OR GROSS NEGLIGENCE, THE RESELLER AND ITS AFFILIATES SHALL NOT BE LIABLE TO THE COMPANY, AND SHALL HAVE NO OBLIGATION TO INDEMNIFY OR HOLD HARMLESS THE COMPANY, WITH RESPECT TO OR IN CONNECTION WITH ANY LOSS RESULTING FROM OR CAUSED BY THE COMPANY PRODUCTS."
Non-Compete,"During the term of this Agreement and for a period of [***] thereafter, neither Party nor its controlled Affiliates will, without the prior written consent of the other Party, directly or indirectly solicit for employment any then-current employee of the other Party or its controlled Affiliates; [***]."
Non-Compete,"During the term of this agreement, Distributor shall not market, sell advertise or promote the sale or use of any product or device which is competitive with or substantially similar to the Products, without the prior express written consent of Erchonia, nor shall they assist any third party in doing so."
Change of Control,"In the event there is a change of Control of an Affiliate which terminates its status as an Affiliate of the party to this Agreement, and this Agreement has been assigned to such an Affiliate, this Agreement must be assigned back to the party within 6 months of the effective date of the change of Control."
Non-Compete,"Talent represents and warrants that he has not granted nor will he grant to any other party any right, permission, or license to use the Property in connection with the advertisement, sale, or promotion of the Product or in connection with products that are identical or substantially similar to the Product."
Non-Compete,"Auriemma will not enter into any arrangement or agreement, which enables any Berkshire Competitor to be endorsed by Auriemma (whether by using the Auriemma Identification, Auriemma providing services similar to the Endorsement Services, or otherwise) during the Contract Period within the Contract Territory."
Audit Rights,"During the Promotion Period, iVillage traffic shall be audited by a third party traffic auditor listed on Exhibit A and iVillage shall provide FMM with relevant reports on a biweekly basis. (Page 2) All traffic reports shall be audited by the third party traffic auditor selected pursuant to Section 2.C.(ii)."
Audit Rights,"M&I shall cause a third party review of its data processing center, the Operations Center, and related internal controls to be conducted annually by its independent auditors. (Page 18) M&I shall provide without charge to Customer, upon written request, one copy of the audit report resulting from such review."
Dispute Resolution,"The Parties acknowledge and affirm their respective rights in and to the relevant trademark and related rights subject to this Agreement and neither Party shall directly or indirectly attack, challenge or impair the title and related rights of the other Party during the Interim Period or any time thereafter."
Exclusivity,"Biocept will have sole responsibility for performing the Technical Component of all Tests sold by the parties, until and unless Life Technologies obtains the right from Biocept to independently develop its own Tests in accordance with all applicable FDA regulatory requirements, as provided for in Section 7.1."
Warranty,"Upon Manufacturer's request, Subcontractor will facilitate such Manufacturer's Products being repaired or replaced, Manufacturer must return the Manufacturer's Products to Subcontractor, transportation charges prepaid by Manufacturer, within fifteen (15) days of the end of such thirty (30) date notice period."
Exclusivity,"Channel Partner accepts iPass as the exclusive provider to Channel Partner for all services of the nature of the Services. In no event may Channel Partner resell or otherwise provide the Service to any third party for purposes of further ""down channel"" resale of the Services, absent iPass' notice and consent."
Exclusivity,University hereby grants to ArTara an exclusive license to use the Program Data solely for the Project and in Regulatory Filings in the Field in the Territory. (Page 7) University hereby grants to ArTara an exclusive Right of Reference to all Program Regulatory Filings by University in support of the Product.
Exclusivity,"Starting on the Effective Date, Antares or its Subcontractor shall provide the Manufacturing Services in order to manufacture Devices, Products, sample Products and Trainers exclusively for AMAG for the Territory, all in accordance with the Specifications, Applicable Laws, Quality Agreement and this Agreement."
Insurance,Inktomi will maintain insurance (including but not limited <omitted> to liability and property insurance covering the Hosting Servers and Inktomi's operation thereof) in accordance with the requirements set forth in the Software Development Agreement and Loan Agreement between the parties of even date herewith.
Audit Rights,"Either party, at its sole expense, upon at least thirty (30) days written notice (and not more than once in respect of any accounting period) will have the right to inspect the other party's books regarding the obligations hereunder for a period of two (2) years from the date on which any statement is rendered."
Audit Rights,"VS shall cooperate with any internal reviews or audits by PPD or Sponsor (or its and their representatives) and shall make available for examination and duplication, during normal business hours and at mutually agreeable times, all documentation, data and information relating to this Agreement or any Work Order."
Insurance,Each party shall be responsible for maintaining Worker's Compensation insurance in the statutory amounts required by the applicable state laws. (Page 12) Each party shall maintain Commercial General Liability insurance with bodily injury and property damage limits of $[*****] per occurrence and $[*****] aggregate.
Audit Rights,"Upon [***] days' notice and at time mutually agreed upon by the Parties during Dong-A's normal business hours, but no more frequently than [***] every year during the term of this Agreement, NeuroBo may, at its cost and expense, inspect Dong-A's manufacturing facilities where the Licensed Products are manufactured."
Non-Compete,"Except as expressly contemplated by this Agreement (including Article XIII hereof) and subject to Section 13.1 hereof, King shall not promote, market or distribute any product containing metformin hydrochloride as the sole active ingredient in the Territory during the Term of this Agreement, other than the Product."
Insurance,"At all times while this Agreement is in effect, Company shall carry insurance of the types and in the minimum amounts set forth in Exhibit ""G"". All such insurance set forth in Exhibit ""G"" shall specifically name BP as an additional insured or provide that the insurer shall waive all rights of subrogation against BP."
Exclusivity,"During the Term, and without limiting Section 4.2, Achaogen hereby grants to Microgenics a royalty-free, exclusive, worldwide license to use the Achaogen <omitted> Know-How, Achaogen Patents, and Achaogen Materials to research, develop, manufacture, use, market and sell the Assay in the Territory. [***]. (Pages 19-20)"
Warranty,"TouchStar warrants that (a) with regard to the TouchStar Software, <omitted> (ii) for a period of ninety (90) days after delivery, the TouchStar Software will perform in all <omitted> material respects with the specifications contained in TouchStar's technical literature with regard to the TouchStar Software, <omitted>"
Insurance,"VS represents and warrants that it has and will maintain during the Term of this Agreement and, additionally, where applicable, during the term of any active Work Order, and for a period of two (2) years following expiration or termination of either, insurance in the types and limits generally accepted in the industry."
Non-Compete,"During the term and for a period of [***] thereafter, neither party shall solicit, induce, encourage or attempt to induce or encourage any employee of the other party with whom such party has had direct contact to terminate his or her employment with such other party or to breach any other obligation to such other party."
Audit Rights,"For a period of not less than two (2) years after the date of termination, each party shall maintain, and make available to the other party upon its request, for inspection and copying all books and records that pertain to performance of and compliance with obligations, warranties and representations under this Agreement."
Non-Compete,"Wade represents and warrants that during the Term and in the Territory, neither Wade nor any of his agents, representatives or employees will solicit, initiate, or encourage any proposal for an endorsement by Wade of any Innerwear to commence during the Term, or participate in any discussions or negotiations for the same."
Audit Rights,"PURCHASER allows SONY to audit PURCHASER's manufacture and testing of SRAM Products for purposes of determining the quality of those SRAM Products that bear a marking which indicates a connection to SONY from time to time upon reasonable request, subject to SONY's execution of a standard PURCHASER confidentiality agreement"
Insurance,"The Agent, shall, during the term of this Agreement, maintain full insurance against the risk of loss or damages to the Roundup Products for any Agents' warehouse where Roundup Products are under the custody of the Agent and, upon request, shall furnish Monsanto with satisfactory evidence of the maintenance of said insurance."
Audit Rights,"During the Term, and for a period of twelve (12) months thereafter, Rogers (and its representatives) shall have the right, upon reasonable prior written notice to Licensor, and during regular business hours, to inspect and/or audit Licensor's books and records to confirm compliance with Licensor's obligations under this Section."
Audit Rights,"Each party will have the right to engage an independent third party to audit the books and records of the other party relevant to the calculation of Retail Impressions or CNET Sales, upon reasonable notice and during normal business hours, and the other party will provide reasonable cooperation in connection with any such audit."
Insurance,"In those states where Broker Dealer has not obtained an insurance license, Broker Dealer represents and warrants that: it has entered into an insurance networking agreement with the undersigned duly licensed insurance affiliate(s) to act on its behalf in the capacity of a licensed insurance agent or agency (""Affiliated Agency"")."
Dispute Resolution,"HCI agrees: (i) that MLX is the owner of the MLX Marks and the goodwill and reputation associated therewith; (ii) not to contest the validity of the MLX Marks or MLX's title thereto; (Page 2) Without limiting the generality of the foregoing, MLX agrees: <omitted> not to contest the validity of the HCI Marks or HCI's title thereto;"
Insurance,"During the term of this Agreement and for a period [*] after any expiration or termination of this Agreement, each of INTERSECT and HOVIONE shall maintain in full force and effect a comprehensive general liability insurance policy, including Products Liability coverage, with minimum limits of [*] for bodily injury including death."
Change of Control,"If there is a change in Control of the first party, the second party may, entirely at their own option and without thereby becoming liable for any costs or losses which the first party or its holding company or any company in which it may hold shares may suffer as a result terminate the Agreement by notice in writing to first party."
Insurance,"The Supplier shall add the distributor to their current insurance certificate. (Page 9) During the Term, the Supplier shall maintain product liability insurance with a reputable insurer of no less than AU$10 million for any one occurrence for any and all liability (however arising) for a claim that the Products are faulty or defective."
Insurance,"Each Party shall maintain, through self-insurance or commercially-placed insurance, adequate commercial general liability and products liability insurance, including contractual liability coverage, necessary to satisfy its obligations hereunder and consistent with pharmaceutical and <omitted> diagnostic industry practices. (Pages 30-31)"
Audit Rights,"You agree, upon the reasonable request of Nationwide, to provide access during normal business hours to your facilities and records related to the services provided and the compensation payable hereunder, and to permit Nationwide to review the quality of such services provided and to respond to requests of the Trust's Board of Trustees."
Audit Rights,"MD Anderson shall make such records available to LBIO upon reasonable notice during MD Anderson's normal business hours. (Page 9) LBIO may use the records and Reports (as defined below) for any purpose, including interactions and communications with, and/or submissions and filings to the applicable governmental or regulatory authorities."
Dispute Resolution,"Licensee will not, at any time during or after this Agreement, register, attempt to register, claim any interest in, contest the use of, or otherwise adversely affect the validity of any of Licensor's marks (including, without limitation, any act or assistance to any act, which may infringe or lead to the infringement of any such marks)."
Insurance,"Each Party, at its own expense, shall maintain product liability and other appropriate insurance (or self- insure) in an amount consistent with industry standards during the Term. (Page 47) Each Party shall provide a certificate of insurance (or evidence of self-insurance) evidencing such coverage to the other Party upon written request."
Warranty,"Any rejection or revocation of acceptance by Buyer (a) must be made within thirty (30) days of the products being made available for shipment to Buyer, (b) any attempted rejection or revocation of acceptance made thereafter shall be null and void, and (c) any rejection or revocation of acceptance shall comply with Seller's return protocol."
Insurance,"Party B shall purchase sufficient insurance for the transportation vehicles. (Page 3) The coverage of third-party liability insurance shall not be lower than RMB1 million. (Page 3) In addition to vehicle personnel insurance, Party B shall at least purchase injury insurance for two persons with coverage not lower than RMB500,000 per person."
Warranty,"Company further warrants all Products to be free from defects in material or workmanship under normal use and service for a period of ninety (90) days from the date of delivery. Any defects must be replaced by the Company within sixty (60) days within this scope of the warranty and all charges for labor and material, will be borne by Company"
Exclusivity,"PageMaster Corporation shall not engage in the same or similar promotion with any other On-Line Casinos from June 1, 1999 through June 1, 2000. (Page 1) Go Call shall not engage in the same or similar promotions during the Term of this Agreement with any other entity providing paging services, equipment or other related products and services."
Audit Rights,"ESTABLISHMENT shall permit APOLLO and its agents, during business hours and upon notice to ESTABLISHMENT, to inspect the Facilities where the Product is manufactured, handled, stored or tested, as well as all processes relating to the manufacture, handling, storage, or testing of the Product, as well as all test records regarding the Product."
Audit Rights,"Both Parties acknowledge and confirm that the Reserve Bank of India (hereafter ""RBI"") or persons authorized by it has right to access and inspect the PC Financial's documents, records of Service transactions and other necessary information related to the Services or Activity given to, stored or processed by Mobimagic within a reasonable time."
Audit Rights,"Customer grants to Cisco and its independent accountants the right to examine Customer's books, records and accounts during Customer's normal business hours to verify compliance with this Agreement. (Page 2) In the event such audit discloses non-compliance with this Agreement, Customer shall promptly pay to Cisco the appropriate license fees."
Exclusivity,"During the term of this Agreement, or any extensions of this Agreement, Endorser and the Lender hereby agree and warrant that it will not enter into any other endorsement agreement for the use of Endorser's name, image and/or likeness for advertising, marketing and/or endorsement of any other dietary supplements during the Term of this Agreemen"
Dispute Resolution,"During the term of this Agreement and after its expiration or termination, you shall not directly or indirectly contest the validity of, or our ownership of the Proprietary Marks, nor take any other action which may tend to jeopardize our or our affiliate's interest therein, or our right to use and to license others to use the Proprietary Marks."
Insurance,"So long as HOC is entitled to nominate and maintain a director pursuant to this Article 5, the Company shall indemnify each current and former HOC Director and shall maintain director's and officer's liability insurance for the benefit of each such director, with the same rights and benefits as are accorded the directors of the Company generally."
Dispute Resolution,"Monsanto further agrees that it will in no way dispute, impugn or attack the validity of said Canada Marks or OMS Investments, Inc.'s or the Agent's rights thereto. (Page 36) Monsanto further agrees that it will in no way dispute, impugn or attack the validity of the Additional Roundup Products Trademarks or the respective owner's rights thereto."
Dispute Resolution,"ANTHEMIC will not, at any time during or after the Effective Date, dispute or contest, directly or indirectly, the Sponsor's exclusive ownership in the Sponsor's trademarks. (Page 4) The Sponsor will not, at any time after the Effective Date, dispute or contest, directly or indirectly, ANTHEMIC's exclusive ownership in their respective trademarks."
Audit Rights,"From time to time during the Term of this Agreement, upon reasonable advance notice, Contractor shall permit the Company and its agents, representatives, auditors and designees to visit, inspect and have full access, during normal business hours, to properties, assets, books, records, agreements, documents, data, files and personnel of Contractor."
Change of Control,"In the event of a 'Change of Control' of Company, then if CONSULTANT's services are terminated without cause at any time within a twelve (12) month period following such Change of Control, CONSULTANT shall receive a termination fee equal to twelve (12) months compensation hereunder at the then current monthly rate, including any stock compensation."
Audit Rights,"Consolidated Artists and Advantage, at Consolidated Artists' expense, shall have the right during the Contract Period and until two (2) years after the termination of this Agreement to inspect and make copies of the books and records of TPC insofar as they relate to the computation of royalty payments due and owing to Consolidated Artists hereunder."
Exclusivity,"Oceanic Time Warner Cable will use the content solely on channel 777, the Las Vegas channel. (Page 1) Watchit shall have the exclusive right to sell third party advertising as sponsors of their content and will have the right to brand the content under the Watchit brand and place a ""bug"" on the screen identifying the content with a Watchit trademark."
Warranty,"For used LRUs and Main Elements repaired and overhauled by the Repairer, the warranty period shall start on the date of Delivery and shall end [*****] thereafter, whichever occurs the earliest, and such warranty shall be subject to the exclusions of warranty set forth in Exhibit 10 (""LRUs Repair Service"") and in Exhibit 11 (""Main Elements Services"")."
Change of Control,"Subject to Article 22.2, this Agreement shall remain in force for an Initial Period of 1 year, which may be renewed by mutual consent for such period as the Parties may agree (""Term""), unless it is terminated earlier in accordance with this Agreement or for any of the following reasons: <omitted> or in case of a change of control of one of the Parties;"
Warranty,"Upon receipt from iVillage of the proposed Bridge Site design and content, FMM shall have no more than five (5) business days in which to provide iVillage with its acceptance or rejection of the design and content. If iVillage does not receive FMM's acceptance or rejection of such within the allotted time, iVillage shall deem FMM's silence as acceptance."
Exclusivity,"In consideration of the payments, through the issuance of securities to AJR as provided for in Section 3 hereof, AJR agrees to designate XC as an associate sponsor and the ""exclusive technology sponsor"" for wearable computer technology"" of the Team for the Season and grants to XC the rights and benefits of such sponsorship as more fully set forth herein."
Change of Control,"For purposes of the preceding sentence, and without limiting its generality, any merger, consolidation or reorganization involving Licensee (regardless of whether Licensee is a surviving or disappearing entity) will be deemed to be a transfer of rights, obligations or performance under this Agreement for which Licensor's prior written consent is required."
Audit Rights,"Tripath may have an authorized Tripath representative, at Tripath's cost, audit Distributor's records relating to sales and inventories of Products, including, without limitation, records pertaining to any claims submitted by Distributor for price protection, stock rotation, returned Products, ship from stock and debit, DPA allowances, and credit requests."
Change of Control,"Notwithstanding the foregoing, in the event Sutro undergoes a Change of Control or Sutro permits any third party to acquire Extract directly from an Alternate Supplier established under the Transfer Addendum, then SutroVax shall thereafter have the right to establish a supply agreement with and obtain supply of Extract directly from such Alternate Supplier."
Change of Control,"Licensor may terminate this Agreement: <omitted> (2) Upon thirty (30) days prior written notice if Licensee enters into an agreement or other arrangement relating to the merger of Licensee with another entity, the acquisition of the majority of Licensee's issued and outstanding capital stock or the acquisition of substantially all of the assets of Licensee."
Insurance,"Company will carry a reasonable amount of product liability insurance through a reasonably acceptable products liability insurance company and will name the Distributor as an additional insured under that policy. Company will make reasonable efforts to procure a policy, which is non-cancelable, except upon thirty (30) days, advance notice to the Distributor."
Dispute Resolution,"Provided they do not infringe the marks of Affiliate or an affiliate of Affiliate, Affiliate shall not directly or indirectly question, attack, contest or in any other manner impugn the validity of the Marks or Network's rights in and to the Marks and shall reasonably cooperate with Network's quality control, monitoring and inspection of the use of the Marks."
Audit Rights,"Zynga shall permit such records to be examined by authorized representatives of WPT, including such independent auditors as WPT may designate, during usual business hours, with advance notice, to verify to the extent necessary the Royalties paid hereunder, and WPT and its representatives shall use reasonable efforts to minimize disruptions to Zynga's business."
Dispute Resolution,"Each party each agrees that it will not knowingly do anything inconsistent with the other party's ownership of such party's intellectual property, including without limitation, questioning the validity of that party's Trademarks or registering or attempting to register the other party's Trademarks in its own name or that of any other firm, person or corporation."
Exclusivity,"In this regard, it is specifically understood and agreed that CONTENT PROVIDER will not during the Term of this Agreement take any action to exploit or otherwise use, reproduce, distribute, transmit and publicly display any of the Content via the internet to Universities and College students in the People's Republic of China except for the benefit of the COMPANY."
Dispute Resolution,"Valeant shall not at any time during the Term knowingly do or allow to be done any act or thing which will in any way impair or diminish the rights of Dova in or to the Dova Trademarks and Copyrights. (Page 15) During the Term, Valeant will not contest the ownership of the Dova Trademarks and Copyrights, their validity, or the validity of any registration therefor."
Exclusivity,"Schoolpop shall have the exclusive right to resell Cards in the NPO Marketplace. (Page 1) AEIS, on its own behalf, reserves the right to market its Cards and other products and services directly as 1 well as through additional firms on terms and conditions that it selects in its sole discretion, provided that no such sales shall take place within the NPO Marketplace."
Insurance,"Each Party acknowledges and agrees that during the Term, it shall maintain, through purchase or self- insurance, adequate insurance, including products liability coverage and comprehensive general liability insurance, adequate to cover its obligations under this Agreement and which are consistent with normal business practices of prudent companies similarly situated."
Dispute Resolution,"Telnet acknowledges Galaxy's exclusive ownership of the Galaxy name and logo as well as certain other trademarks and trade names which Galaxy uses in connection with the Products and Services (the ""Trademarked Material"") and agrees that Telnet will not acquire any interest in any of the Trademarked Material by virtue of this Agreement or anything done pursuant to it;"
Dispute Resolution,"At no time during or after the term of this Agreement will the Distributor challenge or assist others to challenge JRVS Trademarks or the registration thereof or attempt to register any trademarks, marks or trade names confusingly similar to those of JRVS. T (Page 4) The Distributor will not challenge any intellectual property rights claimed by JRVS in such trademarks."
Audit Rights,"Inktomi will permit Microsoft to have access to, and to make copies of, all such books and records for purposes of auditing and verifying such costs and expenses, provided that Microsoft shall give Inktomi reasonable notice prior to each requested audit and shall perform such audit during normal business hours at Inktomi's office(s) where such records are normally kept."
Warranty,"Should MMI not supply the Services as agreed or should the Services become defective within 6 months from their delivery to Dragon Systems, Dragon Systems may at its option require MMI to complete or re-perform the Services within a reasonable period of time, rescind the contract or refuse payment of the compensation in part or in total, notwithstanding any damage claims."
Exclusivity,"(If exclusive agreement, add ""Developer expressly acknowledges that the exclusive rights granted herein apply only to the right to develop new restaurants in the Territory, and no exclusive territory or radius protection for the term of any Franchise Agreement is granted herein and any such protection shall be set forth in the particular Franchise Agreement to be signed."")"
Change of Control,"You may not permit the Franchised Business to be operated, managed, directed, or controlled by any other person without our prior written consent. (Page 17) The Owners may not enter into any shareholders' agreement, management agreement, voting trust or other arrangement that gives a third party the power to direct and control your affairs without our prior written consent."
Dispute Resolution,"Neither Party shall do or cause to be done any act or thing that may in any way adversely affect any rights of the other Party in and to such other Party's Marks or any registrations thereof or that, directly or indirectly, may reduce the value of such Marks or detract from any Mark's reputation, including challenging the ownership, validity or enforceability of such Marks."
Insurance,Agent or its successors shall maintain during the term of this Agreement and while it is still responsible for its Book of Business: i.All required workers' compensation or similar insurance; ii.Comprehensive general liability insurance. (Page 6) Kallo shall maintain comprehensive general liability and errors and omissions insurance for the Kallo Mobile care suite of products.
Change of Control,"Notwithstanding Section 7.1 above, this Agreement may be terminated upon the occurrence of any of the following events: (a) At the election of either party, in writing, if: (i) all or substantially all of the assets of the non-terminating party are transferred, sold or liquidated; <omitted> or (v) the ownership or operations of the non-terminating party have materially changed;"
Warranty,"Tripath provides an end user limited warranty for retail Products, and one-year limited warranty for OEM products. (Page 4) For OEM Products, Tripath warrants that the Products will be free of manufacturing and workmanship defects for one year from the date of shipment by Distributor to a customer, or eighteen months from the date of shipment to Distributor, whichever is sooner."
Warranty,"Todos warrants that for a period of one (1) year from the date of delivery of each Product to the Reseller, the Product, except for those components that have a shorter expiration date as set forth on Exhibit A, shall perform substantially in accordance with the Product's documentation and specifications, and shall be free from all defects in materials, manufacture, and workmanship."
Warranty,"Qualigen shall provide to Sekisui and for the benefit of Sekisui's customers of Products a standard commercial written warranty that the Products will be free of defects in materials or workmanship starting from the date the Product has been received by Sekisui's customer and ending after the length of time stated for the applicable Product on Exhibit D hereto (the ""User Warranty"")."
Change of Control,"GSK may sublicense or subcontract its rights to Develop, Manufacture or Commercialize the Collaboration Products in whole or in part to one or more of its Affiliates, provided that the rights sublicensed or subcontracted to such Affiliate shall automatically terminate upon a change of control of such Affiliate in connection with which such Affiliate ceases to be an Affiliate of GSK."
Exclusivity,"Company hereby appoints Distributor as Company's exclusive Distributor for the State of Texas, and Distributor accepts the appointment and agrees to represent the Products within the Territory. (Page 2) Company agrees that no other Distributor will be appointed in any other state as a Distributor unless it is either the Company or Distributor, save and except for the state of Florida."
Dispute Resolution,"Bioeq may terminate this Agreement immediately upon written notice to Licensee, if Licensee or any of its Affiliates or sublicensees directly or indirectly challenge the validity or enforceability of, or oppose any extension of or the grant of a supplementary protection certificate with respect to, any Licensed Patent in any legal, court, administrative or other governmental proceeding."
Change of Control,"A Party may assign the whole of its rights under this Agreement to a successor by law, Subsidiary or Affiliate of such Party, or a corporation or an entity jointly controlling or under the same common control as such Party, provided that the assigning Party shall remain jointly and severally liable with the assignee for the performance of this Agreement for the duration of the Agreement."
Exclusivity,"During the term of this Agreement, Consultant will not, directly or indirectly (whether for compensation or without compensation) engage in or provide consulting services, or enter into any agreement either written or oral, that would present a material conflict with any of the provisions of this Agreement, or would preclude Consultant from complying with the terms and conditions hereof."
Change of Control,"Notwithstanding the foregoing, either party shall have the right to assign this Agreement in connection with the merger or acquisition of such party or the sale of all or substantially all of its assets related to this Agreement without such consent, except in the case where such transaction involves a direct competitor of the other party where consent of the other party will be required."
Exclusivity,"Co-Host shall be the exclusive reseller of software products (""Software"") at the Originating Locatio (Page 2) Short Term Product Exclusives. For a period of fourteen (14) days following release of any new NAI Goods or major version releases (i.e., version 3.0 to 4.0) of existing NAI Goods, Co-Host shall be the exclusive online seller of any such <omitted> release released during the Term."
Exclusivity,"During the initial one year period beginning on the Amendment Date, Distributor shall be the only distributor appointed by NETGEAR in [*], subject to Distributor conducting mutually agreed to marketing activities as described in the Marketing Plan for [*] to be developed and agreed to by and between the parties and which shall be attached to and made a part of this Agreement as Exhibit 4a."
Insurance,"Each Party will maintain liability insurance, with reputable and financially secure insurance carriers, at levels consistent with industry standards based upon such Party's respective activities and indemnification obligations under this Agreement. Upon request, each Party will furnish to the other Party certificates issued by the applicable insurance company(ies) evidencing such insurance."
Dispute Resolution,"In particular, and without limitation, Reseller shall not <omitted> (c) dispute or deny the validity of any of the Intellectual Property Rights (including any attempt to register or record the same in any jurisdiction), (d) do any act or omit to do any act whereby TouchStar's right, title, and interest in the Intellectual Property Rights may become invalidated or otherwise adversely affected"
Dispute Resolution,"The Village Media Company shall not, and shall cause its Affiliates and their respective permitted sublicensees not to, whether during the Term or thereafter, challenge (a) the rights of PFHOF in and to any PFHOF Work, (b) the validity of any PFHOF Work, (c) PFHOF's right to grant rights or licenses relating to the PFHOF Works or (d) the validity, legality, or enforceability of this Agreement."
Dispute Resolution,"Developer expressly acknowledges El Pollo Loco's exclusive right, title, and interest in an to the trade name, service mark and trademark ""El Pollo Loco"", and such other trade names, service marks, and trademarks which are designated as part of the El Pollo Loco¬Æ System (the ""Marks""), and Developer agrees not to represent in any manner that Developer has any ownership in El Pollo Loco¬Æ Marks."
Exclusivity,"Subject to the provisions of Section 8.2, if the Company determines to solicit additional equity financing subsequent to exercise of the Option but prior to Commencement of Production (hereinafter defined) at the El Aguila project, it shall provide written notice to that effect to HOC and HOC shall be entitled to exclusively provide such financing upon the terms and conditions hereinafter set forth."
Change of Control,If control of either party shall pass from the present shareholders or owners or controllers to other persons whom the other party shall in their absolute discretion regard as unsuitable. (Page 7) Either parties voting stock is transferred to any third party to such extent as to result in a change in effective control of the company or its ownership or active management is changed in any other manner.
Change of Control,"The Company may, at its option, terminate the exclusivity provisions set forth in this Section 3(d) [Exclusivity] upon the occurrence of any of the following events: <omitted> (B) MBE ceases to own at least [***]* shares of <omitted> common stock of the Company (calculated on an as-converted basis and as adjusted for any stock split, stock dividend, recapitalization or similar transaction). (Pages 4-5)"
Warranty,"STAAR warrants that, for the period of twelve (12) months from the date of delivery to Distributor hereunder (the ""Warranty Period""), the Products will meet STAAR's published specifications or labeling for such Products as in effect at the time of such delivery (""Warranty""). (Page 6) STAAR shall pay for the return or replacement shipment to Distributor of Products repaired or replaced under the Warranty."
Dispute Resolution,TL recognizes Integrity's title to the Integrity Trademarks and will not at any time do or suffer to be done any act or thing which will in any way impair Integrity's rights in and to the Integrity Trademarks. (Page 4) Integrity recognizes TL's title to the TL Trademarks and will not at any time do or suffer to be done any act or thing which will in any way impair TL's rights in and to the TL Trademarks.
Exclusivity,"Based on the foregoing, and subject to the terms and conditions contained in this Agreement, the Agents severally and not jointly agree to act as, and the Corporation appoints the Agents as, the exclusive agents of the Corporation to offer the Offered Shares for sale on the Closing Date (as defined herein) in the Selling Jurisdictions (as defined herein) on a private placement basis at the Offering Price."
Dispute Resolution,"Harpoon shall not, and shall not permit its Affiliates to, attack, dispute, or contest the validity of or ownership of such Product Trademark anywhere in the Territory or any registrations issued or issuing with respect thereto or use in their respective businesses, any Trademark that is confusingly similar to, misleading or deceptive with respect to or that dilutes any (or any part) of the Product Trademarks."
Warranty,"In the event that Array reasonably objects to a proposed usage of the Product Trademark(s), it shall give written notice of such objection to Ono within sixty (60) days of receipt of such sample, specifying the way in which such usage of its Product Trademark(s) fails to meet the style, usage or quality standards for the Product or Product Trademark set forth in the first two sentences of this Section 12.4(c)."
Dispute Resolution,"All applicable rights to copyrights, patents, trademarks, trade names, logos and identifying slogans and other intellectual property rights in the products are the exclusive property of WLI and Power2Ship shall not contest such ownership. (Page 3) Power2Ship shall not contest the right of WLI and its affiliates to the use of any trademarks, service marks, commercial symbols or trade names used or claimed by WLI."
Change of Control,"If a substantial portion of the assets or controlling stock in Licensee's business is sold or transferred, or if there is a substantial change in Licensee's management, or if Licensee's property is expropriated, confiscated or nationalized by any government or if any government assumes de facto control of Licensee's business, in whole or in part, Fox may terminate this Agreement upon 30 days' notice to Licensee."
Insurance,"Each party, at its own expense, shall maintain product liability and other appropriate insurance (or self- insure) in an amount consistent with industry standards during the Term and shall name the other party as an additional insured with respect to such insurance. (Page 23) Each party shall provide a certificate of insurance (or evidence of self-insurance) evidencing such coverage to the other party upon request."
Exclusivity,"Subject to the terms and conditions of this Agreement, PACIFICAP ENTERTAINMENT hereby grants to THE HENRY FILM AND ENTERTAINMENT CORPORATION, under PACIFICAP ENTERTAINMENT'S full ownership and or fully authorized licensing Rights of Content (a) A 10 year exclusive, worldwide license to use, modify, reproduce, distribute, display and transmit any and all PACIFICAP ENTERTAINMENT nostalgic television show library Content."
Dispute Resolution,"Rubicon shall not contest ownership by ISA of any of the foregoing. (Page 3) ISA shall not contest ownership by Rubicon of any of the foregoing. (Page 3) Either Party may terminate this Agreement upon ten Business Day's Notice to the other Party in the event the other Party contests or challenges to a material degree any of the other Party's Intellectual Property rights referred to in Sections 5.1, and 5.3, respectively."
Insurance,"On or prior to the date of this Agreement or TF's election to the Board of Directors at the Annual Meeting, as applicable, the Company shall have (x) nominated TF for election to the Board of Directors at the Annual Meeting, (y) entered into an Indemnification Agreement with TF as the Director Designee and (z) taken all necessary action for TF to be covered by the Company's existing directors' liability insurance policy."
Exclusivity,"During the Term, Snap will not grant any third party any right to sponsor any products or services in the Exclusive Category on or through the Snap Web Site. (Page 3) For the avoidance of doubt, the parties acknowledge that the foregoing restriction applies only to persistent sponsorship placement as judged by Sponsor at its discretion, and not to run-of-site banner advertisements or other rotating promotional placements."
Change of Control,"Notwithstanding the foregoing, Skype or Skype Holding may assign this Agreement to a third party without such consent in the event of a merger, reorganization or sale of all or substantially all of Skype's or Skype Holding's assets or voting securities, provided that written notice of such assignment is delivered to Online BVI and the Company and the assignee assumes all the responsibilities and obligations provided herein."
Exclusivity,"BOSCH hereby grants CLIENT the ""Exclusive Distribution License Rights"" sell and distribute the Products within the ""Territory"". (Page 1) Bosch hereby grants to Client the exclusive rights to sell and distribute the Product, subject to the Territory as set forth below, to certain select companies in the Automotive Industry, each of which shall be approved by Bosch in writing as requested by the Client on a case by case basis."
Insurance,"Company shall maintain Products Liability Insurance and in an amount satisfactory to Contractor, under which Contractor is named as an additional insured. (Page 8) All insurance coverages are to be placed with insurers which have a Best's rating of no less than ""A."" (Page 8) Such insurance requirements shall be maintained during the Term and shall continue for a minimum of three years following termination of this Agreement."
Insurance,"Without limiting SAP AFRICA'S liabilities or responsibilities in terms of the AGREEMENT, SAP AFRICA will provide and maintain insurance to cover its liability and responsibilities in terms of this AGREEMENT. (Page 43) Insurance in terms of the Compensation for Injuries and Diseases Act, No. 130 of 1993, as amended (Page 43) Motor Vehicle Liability Insurance in respect of all motor vehicles brought onto the premises of TELKOM."
Change of Control,"This Agreement may be terminated as follows: <omitted> (d) by any party if the SMBC Unit-Holders cease to hold any Partnership Interests as a result of sale or transfer pursuant to Section 12.4 of this Agreement or Section 8.4 of the Moelis Holdings Agreement, such termination to be effective six (6) months following the date on which the other parties receive written notice of such party's election to terminate this Agreement;"
Change of Control,"SERVICERS may terminate this Agreement prior to its expiration for cause upon prior written notice to ISO as follows: <omitted> (l) Upon a Change of Control of ISO with one hundred eighty (180) days prior written notice to ISO, unless the SERVICERS had previously consented to such change in control. (Pages 25-26) In addition, ISO shall provide written notice to SERVICERS within three (3) Business Days of any Change of Control of ISO."
Exclusivity,"Kitov hereby grants to Dexcel a fully paid, limited license right to use all of its Confidential Information and Intellectual Property Rights (including, inter alia, the Kitov Foreground IP, Kitov Data, Kitov's share of the Joint IP, and the Trademark (""Kitov Product IP"")) necessary in order for Dexcel to manufacture, Label, package with the Livery, test and release the Product for shipment, exclusively for Kitov, for and during the Term."
Dispute Resolution,"Turpin covenants that Turpin shall not at any time directly or indirectly contest or assist any third party in contesting the Company's right, title, and interest in and to the Work Product or any Intellectual Property Rights therein. (Page 2) Turpin shall not, directly or indirectly, apply for or seek registration of any Intellectual Property Rights in any Work Product in any jurisdiction without the express written approval of the Company."
Warranty,"If, upon inspecting and testing the API, INTERSECT determines that a lot of API does not conform to the Product Specifications, then INTERSECT shall, within such thirty (30) day period, give HOVIONE written notice of such non-conformity (setting forth the details of such non-conformity):Unless HOVIONE objects, within 20 working days from the notice by INTERSECT, to the non-conformity INTERSECT will return the non-conforming API to HOVIONE. A"
Dispute Resolution,"Company agrees that it will not file, during the Contract Period or afterward, any application for trademark registration or otherwise obtain or attempt to obtain ownership of any trademark or trade name within the Contract Territory or in any other country of the world which consists of the NFLA Identification or any mark, design or logo intended to obtain any rights to the name of the NFLA or to identify products as being endorsed b the NFLA."
Warranty,"CPDC hereby provides a limited product warranty, and accordingly does warrant for each Batch, that the Product shipped will (i) conform with the Specifications, (ii) be manufactured, tested, processed, packed and prepared for shipment in accordance with cGMPs, and (iii) be free from defects in material and workmanship for the period from the date of manufacture to the expiry date set out on each Unit of Product packed and prepared for shipment."
Warranty,"In case of discrepancy found in Products delivered, DISTRIBUTOR shall report to PPG SHANGHAI in writing, detailing all the discrepancies within 48 hours after delivery. (Pages 4-5) PPG SHANGHAI will not accept any claims for discrepancy in delivery beyond the 48 hours period. (Page 5) If Products are found damaged upon delivery, DISTRIBUTOR or its customers who directly receive the delivery shall report to PPG SHANGHAI in writing within 48 hours."
Dispute Resolution,"Distributor acknowledges that Company owns and retains all patents, trademarks, copyrights and other proprietary rights in the Products, and agrees that it will not at any time during or after the termination of this Agreement assert or claim any interest in or take any action which may adversely affect the validity or enforceability of any trademark, trade name, trade secret, copyright, or other proprietary right owned by or licensed to Company."
Warranty,"ITS will provide free technical support to customers who have purchased ITS systems for a period of 30 days. (Page 2) ITS Products are warranted free from defects of material or workmanship for 3 years after shipment from the manufacturer. Equipment purchased from ITS, which becomes defective within that time period will be repaired by ITS at its headquarters in San Antonio, Texas at no cost to COMWARE beyond cost of shipping the equipment to ITS."
Exclusivity,"Subject to the terms and conditions of this Agreement, PivX hereby grants to Detto a non-transferable, exclusive license to distribute PivX's Qwik-Fix Pro and any documentation supporting Qwik-Fix Pro provided from time to time by PivX (the ""Documentation"") within North America, solely to third parties to whom Detto licenses Qwik-Fix Pro (""Third Parties""), and as governed by the terms set forth in Exhibit A (PivX/Detto Reseller Agreement Addendum)."
Change of Control,"A Termination Event shall have occurred if: <omitted> (c) Supplier either: (i) merges with another entity, (ii) suffers a transfer involving fifty (50%) percent or more of any class of its voting securities or (iii) transfers all, or substantially all, of its assets; (Page 9) Furthermore, Supplier shall notify Bank of America immediately In the event there is a change of control or material adverse change in Supplier's business or financial condition."
Change of Control,"This Agreement can be terminated at any time prior to the expiry of the Term, as follows: <omitted> (c) by the Consultant electing to give the Company notice, in the event that there occurs a Change of Control (as defined below) within six (6) months of the effective date of such Change of Control, and if the Consultant so elects to terminate this Agreement, then the Consultant will be immediately entitled to a termination payment equal to CDN$750,000;"
Dispute Resolution,"Each Grantor undertakes not to assert any -------------------- claim for Patent infringement with respect to use and maintenance of Licensed Products against any end user, customer or distributor of Grantee, or any subsequent vendee, lessee, or transferee to the extent the Licensed Products have been acquired from Grantee after the Effective Date and are used for the purpose for which they predominantly have been made (without modification or amendment)."
Exclusivity,"During the term of this Agreement, DISTRIBUTOR shall have the exclusive right for selling the Products to Beijing Sino-US Jinche Yingang Auto Technological Services Limited (the ""Auto Center""). (Page 1) PPG Shanghai or any of its direct or indirect affiliates shall not sell any of its products directly to the Auto Center or to any of the Auto Center's affiliates in China or throughout the world, unless PPG Shanghai obtains Distributor's written approval."
Change of Control,"This Agreement may be terminated subject to the following clauses: <omitted> Subject to Section 1.6, by Vendor (or successor to Vendor), upon written notice to Distributor of a change of control of Vendor and the election by Vendor (or successor to Vendor) to terminate this Agreement, where a ""change of control"" shall mean a change in ownership of the Vendor such that an unaffiliated third party acquires a majority of the voting power of Vendor; (Pages 1-2)"
Exclusivity,"Depomed agrees to grant and hereby grants to King an exclusive option (exercisable at King's sole discretion by providing written notice of intent at any time, but in no event later than 180 days after the Effective Date) to obtain an exclusive license in the Territory to certain of Depomed's proprietary drug delivery technology in combination with both metformin hydrochloride and any other active pharmaceutical ingredients (a ""Combination Product License"")."
Exclusivity,"Subject to the terms and conditions herein set forth, the Company and the Bank hereby appoint the Agent as their exclusive financial advisor and marketing agent (i) to utilize its best efforts to solicit subscriptions for Common Shares and to advise and assist the Company and the Bank with respect to the Company's sale of the Shares in the Offering and (ii) to participate in the Offering in the areas of market making and in syndicate formation (if necessary)."
Dispute Resolution,"The Developer recognizes the Client's right, title, and interest in and to all service marks, trademarks, trade names , Copyrights and Patents used by the Client and agrees not to engage in any activities or commit any acts, directly or indirectly, that may contest, dispute, or otherwise impair the Client's right, title, and interest therein, nor shall the Developer cause diminishment of value of said trademarks or trade names through any act or representation"
Exclusivity,"All act which may damage the right of user of Baidu promotion, damage user experience, disturb market cooperation order of the Union, adversely affect Baidu product and business reputation of Baidu, constitute unfair competition against Baidu or violate legal right of Baidu are forbidden by the Union, including but not limited to: <omitted> 5. Breach of exclusivity clause Breach the exclusivity agreement with Baidu to engage in competing business. (Pages 17-18)"
Change of Control,"(v) By FSL/AFSL and TPH/TPH-A, if there is a change in the Control of the other and the acquiring/succeeding entity causing such change in the Control is an entity that may be reasonably believed to be objectionable to the Japanese Government and/or FSL including FSL's Affiliates in case of the termination by FSL/AFSL or the US Government and/or TPH in case of the termination by TPH/TPH-A, termination to be effective upon thirty (30) days' notice of termination."
Exclusivity,"The Company and the Trust (together, the ""Issuers"") hereby appoint Barclays as exclusive remarketing agent (the ""Remarketing Agent""), and Barclays hereby accepts appointment as Remarketing Agent, for the purpose of (i) remarketing the Remarketing Securities on behalf of the holders thereof and (ii) performing such other duties as are assigned to the Remarketing Agent in the Remarketing Procedures, all in accordance with and pursuant to the Remarketing Procedures."
Warranty,"WARRANTY PERIOD"" - Thirteen (13) months from the Shipment Date of the Product subject matter of the warranty, unless agreed otherwise by the parties in writing. <omitted> Contractor warrants to NICE that each of the Products manufactured, configured or tested by Contractor will have been manufactured, configured and tested in conformance with the Specifications therefor as provided by NICE and be free from defects in workmanship or material for the Warranty Period."
Exclusivity,"Party A grants all-round exclusive rights to Party B to construct, maintain and operate the Cooperation channel. (Page 5) During the term of this Agreement, Party B and its affiliates will be the exclusive cooperator of Party A's real estate and home furnishing cooperation channel. (Page 10) Party B and its affiliates will be the exclusive provider of real estate and home furnishing information, products and data in Party A's real estate and home furnishing channel."
Change of Control,"If a Change in Control occurs with respect to Customer, M&I agrees to continue to provide Services under this Agreement; provided that (a) M&I's obligation to provide Services shall be limited to the entities comprising the Customer prior to such Change in Control and (b) M&I's obligation to provide Services shall be limited in any and all circumstances to the number of accounts and items processed in the 3-month period prior to such Change in Control occurring plus 25%."
Insurance,"Carrier shall, at its sole cost and expense, procure and maintain liability insurance with a reputable and financially responsible insurance carrier or carriers properly insuring Carrier against liability and claims for injuries to persons (including injuries resulting in death) and for damage to property in amounts not less than the Minimum Levels of Financial Responsibility for Motor Carriers prescribed by the U. S. Department of Transportation (49 CFR (S)387 et seq.)."
Warranty,"In order to receive the remedy provided for hereunder, Distributor shall deliver to WGT a sample of the Product which Distributor finds to be defective in workmanship or materials, or damaged in shipment prior to Distributor assuming the risk of loss or damage , along with a written explanation of the alleged defect within thirty (30) days from the later of Distributor's initial receipt of such Product from WGT or from the delivery of such Product to an end-user. (Pages 8-9)"
Dispute Resolution,"You will not, at any time during the term of this Agreement or after its termination or expiration, contest the validity or ownership of any of the Marks or assist any other person in contesting the validity or ownership of the Marks. (Page 5) You agree that you will not, at any time directly or indirectly challenge or contest the validity of, or take any action to jeopardize our rights in or ownership of, any of the Marks or any registration of a Mark or any copyrighted work."
Insurance,"The Professional agrees to maintain at all times during the Term such insurance, including without limitation, health insurance, workers' compensation, automobile and general comprehensive liability coverage, as will protect and hold harmless the Company from any claims, losses, damages, costs, expenses or liability arising out of the Services performed under this Agreement. (Page 4) The Company may require the Professional to provide insurance certificates evidencing the same."
Warranty,"COMPANY'S¬†SOLE¬†AND¬†EXCLUSIVE¬†LIABILITY¬†FOR¬†THE WARRANTY PROVIDED IN SUBPARAGRAH (A) HEREOF SHALL BE TO CORRECT THE TECHNOLOGY TO OPERATE IN SUBSTANTIAL ACCORDANCE WITH ITS THEN CURRENT SPECIFICATIONS OR REPLACE, AT ITS OPTION, THE TECHNOLOGY NOT IN COMPLIANCE WITH¬†COMPANY'S¬†AND¬†COMPANY'¬†PUBLISHED¬†SPECIFICATIONS REGARDING THE TECHNOLOGY; PROVIDED, ANY CLAIM FOR BREACH OF WARRANTY UNDER SUBPARAGRAPH (A) HEREOF MUST BE MADE IN WRITING WITHIN (90) DAYS FROM DATE OF SHIPMENT."
Change of Control,"Notwithstanding the foregoing, each Party may assign the rights and obligations under this Agreement in whole, without consent of the other Party, to a Third Party or Affiliate in connection with the transfer or sale of all or substantially all of its business or in the event of a merger, consolidation or change in control provided that the assignee assumes in writing and becomes directly obligated to the other Party to perform all of the obligations of assignor under this Agreement."
Insurance,"Each party agrees to maintain and provide the other with evidence of insurance coverage for comprehensive general liability in an amount no less than $2,000,000.00 U.S. dollars. (Page 9) Buyer shall obtain comprehensive general liability coverage, including contractual liability coverage, naming Seller as an additional named insured, in amounts sufficient to fully protect Seller under this Agreement from loss, damage or casualty caused by Buyer or incurred by Seller under this Agreement."
Insurance,"The Joint Venture Company, at its own expense, shall take out and maintain at all times during the Contract Term with insurance companies insurance against loss or damage by fire, natural disasters and other risks of types and in amounts as may be recommended by the CEO and decided by the Board of Directors. (Page 14) The Joint Venture Company shall take out the required insurance from an insurance company or organization permitted by Chinese laws and regulations to provide such insurance."
Exclusivity,"MediWound shall have an exclusive license under patents and other intellectual property, to develop, use, manufacture, market and sell the Product for burn treatment in humans; (Page 2) MediWound's rights as per Section 3.1 will be exclusive in the sense that CBC shall not nor shall permit any Affiliate or third party to manufacture, use, supply <omitted> or sell Bromelain SP for utilization as an ingredient of any product which directly or indirectly competes with the Product. (Pages 4-5)"
Exclusivity,"Subject to XENCOR's adherence to the obligations under this Agreement, BII hereby grants XENCOR a worldwide, irrevocable, exclusive, sublicensable and royalty free license to use the Process and all reasonably necessary related BII Confidential Information and Know- How, BII Technology and BII Intellectual Property for the sole purpose of making and having made the Product; provided that such license shall become effective only upon complete payment of the Technology Access Fee, as applicable."
Warranty,"In the event of any breach of the foregoing warranty, and provided that Converge reports such breach to VNE in writing within 90 days following the date of performance of the Services in question, VNE shall, as its sole obligation and Converge's sole and exclusive remedy, promptly repair, replace or re-perform the Services in question, without additional cost to Converge, so as to correct the warranty non-compliance as promptly as practicable (within 30 days to the extent technically feasible)."
Insurance,"Each party will maintain, during the Term and for three (3) years thereafter, such comprehensive general liability insurance (including without limitation, products liability) as will adequately protect it against its potential liabilities under this Agreement, in amounts customary in the semiconductor industry for similar services and products. (Page 18) Each party will, at the other party's request, provide to the other party a certificate of insurance evidencing the foregoing insurance coverage."
Insurance,"The Provider will obtain and maintain appropriate liability insurance in an amount of not less than $1,000,000 combined single limit for accidents or occurrences which cause bodily injury, death or property damage related to the performance of the Services. The insurance policy willname the Company as an additional insured. (Page 3) Such certificate will provide that there shall be no cancellation, non-renewal, or modification of such coverage without thirty days' prior written notice to the Company."
Change of Control,"For purposes of this Agreement, ""Change in Control"" means a merger or consolidation of the party with, or any sale of all or substantially all of the assets of such party to, any other person, corporation or entity, unless as a result of such merger, consolidation or sale of assets the holders of such party's voting securities prior thereto hold at least fifty percent (50%) of the total voting power represented by the voting securities of the surviving or successor corporation after such transaction."
Change of Control,"Upon the occurrence of any of the following, WGT may terminate the Term by giving Distributor written notice of such termination for: <omitted> (b) any material change in the general management, ownership or control of Distributor, including without limitation the sale, transfer or relinquishment by Distributor of any substantial interest in the ownership of the business to be carried on by Distributor under this Agreement, unless such change is approved in advance and in writing by an officer of WGT;"
Warranty,"For the purpose of this Agreement, ""Warranty Period"" shall mean twelve (12) months as of the date of delivery to Customer. (Page 6) Contractor represents and warrants that, for the Warranty Period, the Products (i) will be free from defects in workmanship, material (only to the same extent as the original manufacturer of the material warrants the Contractor), and manufacture; (ii) will comply the Specifications IPC610.B standard (in all material respects and unless otherwise was instructed by Customer)."
Warranty,"Within [***] days after receipt of the Licensed Products and/or their matching placebo hereunder, NeuroBo may, in its discretion, perform a quality control test (the ""Product Test"") in accordance with the methods of the test on such Licensed Products and/or their matching placebo for acceptance (the ""Product Test Methods""), which shall be separately agreed in writing by and between Dong-A and NeuroBo and attached hereto as Exhibit B, as may be amended by the Parties' agreement in writing from time to time."
Exclusivity,"Qualigen hereby appoints Sekisui, and Sekisui accepts the appointment to act on an exclusive basis pursuant to the terms and conditions of this Agreement, as a distributor for the sale of the Products in the Territory. (Page 3) Sekisui shall purchase the Products exclusively from Qualigen, and Qualigen shall supply the Products exclusively to Sekisui, in each case for the Territory. (Page 3) Qualigen shall supply Sekisui with all of Sekisui's commercial requirements for the Product in the Applicable Markets."
Insurance,"During the Term and for a period of two (2) years after the termination of the Agreement or the expiry date of the last batch manufactured whichever is later, thereafter, each Party shall obtain and maintain, at its sole expense adequate product liability insurance for the Product as it reasonably deems necessary and appropriate. Evidence of coverage, in the form of certificates of insurance, shall be provided promptly upon registration of the Product in given countries and as reasonably requested thereafter."
Change of Control,"If a Change in Control occurs with respect to Customer, Metavante agrees to continue to provide Services under this Agreement; provided that (a) Metavante's obligation to provide Services shall be limited to the Entities comprising the Customer prior to such Change in Control and (b) Metavante's obligation to provide Services shall be limited in any and all circumstances to the number of accounts processed in the three (3) -month period prior to such Change in Control occurring, plus twenty-five percent (25%)."
Insurance,"MMT and SIGA shall each, at their sole cost and expense, procure and maintain (a) commercial general liability insurance in amounts not less than $[***] per incident and $[***] annual aggregate, and (c) product liability insurance in amounts not less than $[***] annual aggregate, and each naming the other Party as additional insured. (Page 35) MMT and SIGA shall maintain such insurance throughout the Term, and shall from time to time provide copies of certificates of such insurance the other Party upon request."
Insurance,"The Company and each of its subsidiaries maintains insurance covering their properties, personnel and business. (Page 13) Such insurance insures against such losses and risks as are adequate in accordance with the Company's perception of customary industry practice to protect the Company and its subsidiaries and their businesses. (Page 13) All such insurance is outstanding and duly in force on the date hereof and will be outstanding and duly in force on the Commencement Date and the Remarketing Settlement Date."
Insurance,"Company agrees to provide and maintain, at its own expense, general liability insurance and product liability insurance with limits no less than $3,000,000 and within thirty (30) days from the date hereof, Company will submit to Pey Dirt a fully paid policy or certificate of insurance naming Pey Dirt, Pey Dirt's agent and Manning as additional insured parties, requiring that the insurer shall not terminate or materially modify such without written notice to Pey Dirt at least twenty (20) days in advance thereof."
Insurance,"[*] will have insurance policies with reputable insurers to provide coverage and amounts that secure its obligations and potential liabilities under this Agreement. (Page 26) [*] is responsible for all premiums, deductibles and retentions for such insurance. (Page 26) After this Agreement expires or terminates, [*] will either have an active policy or purchase an extended reporting period that has coverage for claims first made and reported to the insurer within 2 years after this Agreement expires or terminates"
Dispute Resolution,"Licensee agrees not to do anything inconsistent with such ownership, including (i) filing to register any trademark or service mark containing the Brand or (ii) directly or indirectly challenging, contesting or otherwise <omitted> disputing the validity, enforceability or Licensor's ownership of the Brand (and the associated goodwill), including without limitation, in any claim, allegation, action, demand, proceeding or suit (""Action"") regarding enforcement of this Agreement or involving any third party. (Pages 1-2)"
Exclusivity,"Subject to the terms and conditions herein set forth, the Blue Hills Parties hereby appoint the Agent as their exclusive financial advisor and conversion agent (i) to utilize its best efforts to solicit subscriptions for Shares and to advise and assist the Holding Company and the Bank with respect to the sale of the Shares in the Offering and (ii) to participate in the Offering in the areas of market making and in syndicate formation or to act as sole book-running manager in the Underwritten Offering (if necessary)."
Insurance,"During the term of any Study Order under this Agreement, Adaptimmune Limited shall maintain in full force and effect insurance for its and Adaptimmune's liabilities arising from the Study with limits of not less than $*** per loss and $*** annual aggregate. Adaptimmune shall provide MD Anderson with evidence of such insurance upon request. (Page 15) MD Anderson has and will maintain in force during the term of this Agreement adequate insurance or financial resources to cover its obligations pursuant to this Agreement."
Dispute Resolution,"During the Term and after expiration or termination of this Agreement, MusclePharm shall not contest or otherwise challenge or attack the AS Parties' rights in the Trademarks or Name and Appearance Rights or the validity of the license being granted herein. (Page 18) During the Term and after expiration or termination of this Agreement, MusclePharm shall not contest or otherwise challenge or attack the AS Parties' rights in the Trademarks or Name and Appearance Rights or the validity of the license being granted herein."
Insurance,"Each Party agrees to obtain and maintain, during the Term and for five (5) years after the Term, commercial general liability insurance, including products liability insurance, with minimum ""A-"" AM Best rated insurance carriers, in each case with limits of not less than five million dollars ($5,000,000) per occurrence and in the aggregate (Page 49) Pfizer and its Affiliates will be an additional insured on Exact's commercial general liability and products liability policies, and be provided with a waiver of subrogation."
Change of Control,"The COMPANY and CELEBRITY may terminate this Agreement under the following conditions: <omitted> (B) By CELEBRITY <omitted> (ii) If the COMPANY ceases business or, other than in an Initial Merger, sells a controlling interest to a third party, or agrees to a consolidation or merger of itself with or into another corporation, or enters into such a transaction outside of the scope of this Agreement, or sells substantially all of its assets to another corporation, entity or individual outside of the scope of this Agreement;"
Change of Control,"If BKC does not exercise its option under Subparagraph 15.4.1, Franchisee may conclude the sale to the purchaser who made the offer provided BKC's consent to the assignment or sale be first obtained as provided below. (Page 17) BKC may impose reasonable conditions on its consent to the transfers contemplated in Subparagraphs 15.1 and 15.2 above. BKC is under no obligation to consent to the encumbrances contemplated in Subparagraphs 15.1 and 15.2 above, and may deny its consent to such encumbrances in its sole discretion."
Change of Control,"The term of this Agreement shall be effective as of the date first stated above and shall continue for a term of three (3) years, unless terminated earlier in accordance with the provisions of this Agreement (the ""Term""); provided, however, that PrimeCall may elect to terminate this Agreement, upon thirty (30) days' written notice, at any time from and after the time that collectively RSL Communications, Ltd. and/or its Affiliates holds less than fifty percent (50%) of the voting control of DeltaThree's outstanding shares."
Dispute Resolution,"During and after the Term, neither Party shall register, use or claim ownership or other rights in any logo, trade name, brand name or trademark of the other Party in existence during the Term (nor any logo, trade name, brand name or trademark confusingly similar to any logo, trade name, brand name or trademark of the other Party in existence during the Term), nor assist anyone else to do so, nor make or assist in any challenge to any logo, trade name, brand name or trademark of the other Party in existence during the Term."
Change of Control,"In the event of the merger or consolidation of the Company with any other entity, Nantz Communications shall have the right to terminate the Agreement by so notifying the Company in writing on or before sixty (60) days <omitted> after Nantz Communications has received notice of such merger or consolidation if and only if, by virtue of such merger or consolidation Nantz Communications or Nantz would be in default under or violating any provisions of any agreement to which he or it is subject entered into prior to June 1, 1994."
Dispute Resolution,"Distributor acknowledges that Company owns and retains all copyrights and other proprietary rights in all the Products, and agrees that it will not at any time during or after the term of this Agreement assert or claim any interest in or do anything that may adversely affect the validity or enforceability of any trademark, trade name, copyright or logo belonging to or licensed to Company (including without limitation any act, or assistance to any act, which may infringe or lead to the infringement of any copyright in the Products)"
Change of Control,"Network Affiliate may not assign or transfer, by operation of law or otherwise, any of its rights under this Agreement or delegate any of its duties under this Agreement to any third party without NCM's prior written consent, which consent shall not be unreasonably withheld, conditioned or delayed (Page 31) For the purposes of this Agreement, any change of control, merger, consolidation, or acquisition of all or substantially all of the assets of Network Affiliate (collectively, a ""Change of Control"") shall be deemed an assignment."
Insurance,"NETGEAR, at its expense, agrees to maintain insurance coverage to protect against its liabilities under the Agreement in an amount no less than is reasonable or required by applicable statute. (Page 7) This insurance will include (a) worker's compensation insurance, (b) comprehensive general liability insurance, including coverage for product liability, bodily injury and property damage, and (c) automobile liability insurance. (Page 7) Upon Distributor's written request, NETGEAR will furnish the applicable certificate of insurance."
Insurance,"Sabco shall provide at its expense and maintain throughout --------- the term of this Agreement and any option period spectator liability insurance in an amount not less than $1 million single limit coverage with respect to any liability relating to the activities of Sabco in the performance of this Agreement. Sabco shall, within 90 days of the execution of this Agreement, supply Prolong with a copy of such policy of insurance or a certificate thereof, and such policies shall be cancelable only upon 10 days written notice to Prolong."
Warranty,"Owner shall, before and at commencement of each voyage by any vessel under this Agreement, exercise commercially reasonable efforts to ensure that such vessel is seaworthy and in good operating condition, properly manned, equipped and supplied for the voyage, to ensure that the pipes, pumps and coils tight, staunch, are in good operating condition and fit for the voyage, and to ensure that the tanks and other spaces in which product is to be carried are in good operating condition and fit for the carriage and preservation of the same."
Change of Control,"If a majority of the equity securities of either 2TheMart or i-Escrow, Inc. (except that i-Escrow may sell all or a majority of its equity securities or voting interests to i-Escrow.com, and i-Escrow.com may sell all or a majority of its equity securities or voting interests to i-Escrow's existing shareholders, without triggering the foregoing) are acquired by another company during the term of this Agreement either company may terminate this Agreement, without liability, by giving a thirty (30) days written notice to the other party."
Dispute Resolution,"Women.com acknowledges that eDiets owns all right, title and interest in and to the eDiets Content, and Women.com shall not now or in the future contest the validity of the eDiets' ownership rights in and to the eDiets Content. (Page 3) At no time during the term of the Agreement or thereafter shall eDiets attack, challenge or file any application with respect to any Women.com Mark. (Page 4) At no time during the term of the Agreement or thereafter shall Women.com attack, challenge or file any application with respect to any eDiets Mark."
Dispute Resolution,"Without limiting the generality of the foregoing, Biocept owns, and Life Technologies acknowledges Biocept's ownership of, (i) the Assay and the Selector technology, and (ii) all Intellectual Property Rights in the Assay and the Selector technology, and Life Technologies agrees that it shall not do or suffer to be done any act or thing or undertake any action anywhere that in any manner might infringe, or impair the validity, scope, or title of Biocept in the Assay, the Selector technology or Intellectual Property Rights owned by Biocept."
Dispute Resolution,"Except as expressly permitted under the Trademark License Agreement, Licensee shall not knowingly (a) use the Licensed Domain Names in any manner that tarnishes, degrades, disparages or reflects adversely on Licensor or Licensor's business or reputation, (b) in any jurisdiction, register or attempt to register any domain names that consist of, in whole or in part, or are confusingly similar to, the term ""SINA"", (c) contest, challenge or otherwise make any claim or take any action adverse to Licensor's interest in the Licensed Domain Names"
Change of Control,"Accordingly, neither you nor any immediate or remote successor to any part of your interest in this Agreement, nor any individual, partnership, corporation, or other legal entity which directly or indirectly owns any interest in you shall not sell, encumber, assign, transfer, convey, pledge, merge, or give away any direct or indirect interest in this Agreement, in you, or in all or substantially all of the assets of the Franchised Business. (Page 33) Any change in the control of you shall be deemed a transfer for purposes of this Agreement."
Change of Control,"In the event of a change in control of a Party, the other Party shall have the right, upon written prior notice, to terminate this Agreement. (Page 8) In the event this Agreement is terminated pursuant to the provisions of paragraph 19.2, then the Party whose control has changed shall not enter into an agreement with any other Party to provide services similar to those provided herein or to provide its services similar to those provided for herein without an agreement, for a period of twelve (12) months from the effective date of termination."
Dispute Resolution,"During the Term of this Agreement and for three years thereafter, the Distributor (on behalf of itself and each of its affiliates) agrees not to commence, or provide any information to or otherwise assist any person or entity in connection with, any suit, action or proceeding contesting the ownership, validity or enforceability of any patent, copyright, trademark, trade name or other propriety right owned by or licensed to the Company, whether currently existing or hereinafter invented, developed or acquired unless required to by court order."
Change of Control,"Notwithstanding the foregoing, no such consent of Licensor is required under this Agreement in the event of a Change of Control of Licensee so long as: (a) the resulting, surviving or transferee Person assumes all the obligations of the Licensee by operation of Law or pursuant to an agreement in form and substance reasonably satisfactory to the Licensor; and (b) the licenses granted herein shall not be transferrable or sublicensable to Affiliates of such Person unless such Affiliates were Affiliates of Licensee prior to such Change of Control."
Warranty,"MediWound shall have the right, for a period of [***] days following receipt, to reject any Bromelain SP sample which: 6.4.1 fails to comply with MediWound's purchase order; or 6.4.2 fails to comply with the sample incoming inspection Specifications. (Page 12) Within the said [***] days, MediWound shall notify CBC of either: (i) its approval and acceptance of such batch sample (""Acceptance Sample Notice""); or (ii) its rejection of the batch sample in which case MediWound shall detail the reason(s) for the rejection of any such Bromelain SP sample"
Insurance,"The Agency will maintain valid errors and omissions insurance, with minimum limits of $1,000,000 per incident, and a fidelity and electronic crime policy through an insurer, both of which shall contain terms and limits of coverage acceptable to MICOA covering the Agency's solicitors and each of its employees. (Page 2) The Agency shall provide MICOA a copy of each policy; doing so on a regular and current basis shall be a precondition to all of Agency's rights under this Agreement, including but not limited to the payment of all earned commissions."
Dispute Resolution,"Each party covenants that it shall not, under any circumstances, sue the other party (or its officers, directors, successors and assigns) or any of that parties' licensees, customers, or distributors (""Protected Entities"") for patent infringment under any future patents or future patent rights relating to said Developments, that either party owns or controls, so long as that Protected Entity has a license from Commerce One or Corio to the Software, or to a product that is a modification of, derivative work based on, or replacement for the Software."
Insurance,"Company agrees, at its own expense, to obtain and maintain general comprehensive liability insurance, with an insurance company that has a rating of A++ (per AM Best), insuring North as a ""named insured party"", against any claims, suits, losses and damages arising out of or caused by Company's use of North's Likeness. (Page 9) Such insurance policy shall be maintained with limits of not less than two million dollars ($2,000,000). (Page 9) A copy of such insurance policy shall be provided to North within thirty (30) days after execution of this Agreement."
Change of Control,"PPD shall further be permitted to terminate this Agreement or a relevant Work Order, immediately, for cause, upon the occurrence of any of the following: <omitted> (c) a change of ownership equal to fifty percent (50%) or more in the outstanding voting securities of VS; (d) the acquisition of a number of VS's outstanding voting securities by a PPD Competitor that would require disclosure by such PPD Competitor pursuant to Rule 13d-1 of the Securities Exchange Act of 1934 (a ""Significant Ownership Position""); (e) a change in any VS Key Leadership Position."
Warranty,"If IBM has not notified MSL of any defects in a unit of Product within [*] Days of receipt, such unit shall <omitted> be deemed to be accepted. (Page 48) MSL will warrant all MSL Procured Parts for [*] months unless otherwise stated in the applicable Product Attachment, or agreed to by IBM in writing. (Page 49) MSL will warrant its workmanship for [*] months unless other stated in the applicable Product Attachment. (Page 49) All of the above described warranty periods will commence on the date that the Products containing the above Parts are delivered to IBM."
Insurance,"The deposit accounts of the Bank are insured by the FDIC up to the applicable limits, and upon consummation of the Conversion, the liquidation accounts for the benefit of Eligible Account Holders will be duly established in accordance with the requirements of the Massachusetts Regulations. (Page 9) The Blue Hills Parties carry, or are covered by, insurance in such amounts and covering such risks as is adequate for the conduct of their respective businesses and the value of their respective properties as is customary for companies engaged in a similar industry."
Insurance,"HDS agrees to provide and maintain at its own expense, the following insurance coverages: (Page 4) Commercial General Liability coverage of product liability with limits no less than $1,000,000 per occurrence and $2,000,000 aggregate. (Page 4) Umbrella / Excess Liability coverage inclusive of product liability with limits not less than $5,000,000 per occurrence and aggregate. (Page 4) Media Liability insurance with limits not less than $2,000,000 per occurrence and aggregate. (Page 4) The Celebrity shall be named as an additional insured on coverages A, B and C."
Insurance,"SIERRA warrants that it carries general liability insurance of not less than $2 million per occurrence and product liability insurance of not less than $5 million per occurrence and that, upon the execution of this Agreement, it will name ENVISION as an additional insured on such policies. (Page 2) ENVISION warrants that it carries general liability insurance of $1 million per occurrence and product liability insurance of not less than $2 million per occurrence and that, upon execution of this Agreement, it will name SIERRA as an additional insured on such policies."
Warranty,"Cisco warrants that commencing from the date of shipment to Customer (but in case of resale by an authorized Cisco reseller, commencing not more than ninety (90) days after original shipment by Cisco), and continuing for a period of the longer of (a) ninety (90) days or (b) the software warranty period (if any) set forth in the warranty card accompanying the Product (if any): (a) the media on which the Software is furnished will be free of defects in materials and workmanship under normal use; and (b) the Software substantially conforms to its published specifications."
Warranty,"Vericel shall be deemed to have accepted such shipment of Product as Conforming Product and any shortage in quantity if it does not provide Rejection Notice within [***] after receipt of delivery describing the reasons for such rejections in reasonable detail, provided, however, that such [***] period shall not apply to any Latent Defects, in which case Vericel shall notify MediWound of any such failure as soon as reasonably possible, but in any event within [***] after the Latent Defect is confirmed by Vericel and prior to expiration of the shelf-life for such Product."
Change of Control,"Licensor may terminate this Agreement by providing prior written notice to Licensee upon the occurrence of a Change of Control. (Page 8) This Agreement and any rights or authority granted hereunder shall not be assigned or transferred by either Party, including by operation of law, merger or otherwise, without the express written consent of the other Party, provided that Licensor may assign this Agreement without consent to any of its Affiliates and Licensee may assign this Agreement without consent to SINA Leju or an Affiliate of Licensee that is controlled by SINA Leju."
Dispute Resolution,"Otis and Carrier, on behalf of themselves and the other members of, respectively, the Otis Group and the Carrier Group, agree and promise not to (a) challenge in any jurisdiction or venue the right or title of UTC or any other members of the UTC Group in and to any United Technologies Trademark, or the validity or enforceability of any United Technologies Trademark or any registration thereof, or (b) register or renew, attempt to register or renew, or assist a Person other than UTC or a member of the UTC Group in registering or renewing, any United Technologies Trademark."
Dispute Resolution,"If the Executive's employment is terminated at any time by reason of any reconstruction or amalgamation of any Group Company, whether by winding up or otherwise, and the Executive is offered employment with any concern or undertaking involved in or resulting from the reconstruction or amalgamation on terms which (considered in their entirety) are no less favourable to any material extent than the terms of this Agreement, the Executive acknowledges and agrees that there shall be no claim against the Company or any undertaking arising out of or connected with such termination."
Insurance,"Without limiting or qualifying the Sponsor's liabilities, obligations, or indemnities, before the Event, the Sponsor will obtain, at its sole cost and expense, a comprehensive general liability insurance policy from a company acceptable to ANTHEMIC and authorized to do business in the state of Illinois with limits of no less than $1,000,000.00 per occurrence and $2,000,000.00 as an annual aggregate. The insurance mentioned in the preceding sentence will name ANTHEMIC as additional insured. The Sponsor will also maintain any statutorily required workers compensation insurance."
Warranty,"The Customer shall inspect all Products promptly upon receipt thereof and may reject any defective Product, provided that the Customer shall within seven (7) days after receipt of such alleged defective Product, notify the Manufacturer of its rejection and either: (i) request to destroy in field for credit of the value of the defective product and the associated shipping costs (with approval), or (ii) request a Return Material Authorization (""RMA"") number and within seven (7) days of receipt of the RMA number from the Manufacturer return such rejected Product to the Manufacturer."
Change of Control,"Notwithstanding the foregoing, (a) either Party may, without the other Party's consent, assign this Agreement and its rights and obligations hereunder in whole or in part to an Affiliate; and (b) Dova may assign this Agreement to a successor in interest in connection with the sale or other transfer of all or substantially all of Dova's assets or rights relating to the Product; provided that such assignee shall remain subject to all of the terms and conditions hereof in all respects and shall assume all obligations of Dova hereunder whether accruing before or after such assignment."
Warranty,"Pursuant to Exhibit E, IAC shall provide the RMA and repair services to Sonos upon request for a minimum of [*] from the date on which Sonos discontinues the sale of any Product on the terms and conditions set forth therein. (Page 18) IAC hereby represents and warrants that for a period of [*] after the Manufacturing Date (the ""Warranty Period""), a Product Unit will be free from defects in manufacturing process and defects in workmanship, will conform to general expectations of performance of wireless audio products and will conform to the Statement of Work for the applicable Product."
Warranty,"Each of the Suppliers warrants that the Products shall comply with the specifications and documentation agreed by the relevant Supplier and the Company in writing that is applicable to such Products for the Warranty Period. (Page 6) If a Product fails to comply with the foregoing warranty, the relevant Supplier shall, at its option, either [***]such Product, or, in the event the foregoing options are not commercially practicable, [***]to the Company any amounts paid for the applicable Product. (Page 6) ""Warranty Period"" means a period of [***]from the relevant Supplier's shipment of the Product."
Change of Control,"If Parent enters an agreement to transfer the license granted to it under this Section 3.1 in connection with any sale or transfer of a Parent business, then SpinCo and members of the SpinCo Group shall be made third party beneficiaries under such transfer agreement to enforce breaches of the license (Page 9) If SpinCo enters an agreement to transfer the license granted to it under this Section 3.2 in connection with any sale or transfer of a SpinCo business, then Parent and members of the Parent Group shall be made third party beneficiaries under such transfer agreement to enforce breaches of the license."
Dispute Resolution,"In addition, PaperExchange shall not now or in the future contest the validity of VerticalNet's Intellectual Property. (Page 5) In addition, VerticalNet shall not now or in the future contest the validity of PaperExchange's Intellectual Property. (Page 5) Except for claims under Sections 12.4 [Indemnification by PaperExchange] and 12.5 [Indemnification by VerticalNet] hereof, neither party may bring a claim or action regardless of form, arising out of or related to this Agreement, including any claim of fraud or misrepresentation, more than two years after the cause of action accrues or becomes known, whichever is later."
Dispute Resolution,"Notwithstanding any prior termination of the Owner or this Agreement, the Servicer shall not at any time with respect to the Owner, acquiesce, petition or otherwise invoke or cause the Owner to invoke the process of any court or governmental authority for the purpose of commencing or sustaining a case against the Owner under any federal or state bankruptcy, insolvency or similar law or appointing a receiver, conservator, liquidator, assignee, trustee, custodian, sequestrator or other similar official of the Owner or any substantial part of its property, or ordering the winding up or liquidation of the affairs of the Owner."
Warranty,"E.piphany warrants that for a period of one (1) year from Effective Date, the Application as used within the scope of this Agreement will perform substantially in accordance with the functions described in the Documentation. (Page 2) E.piphany warrants the Application media is free from material defects in materials and workmanship under normal use for ninety (90) days from the applicable Order Form. (Page 2) E.piphany further warrants that its Maintenance, training and Professional Services will be rendered consistent with generally accepted industry standards for a period of ninety (90) days from performance of such services."
Change of Control,"In addition to and without limiting any other provision of this Agreement, if a Change of Control occurs at any time during the Term, PFHOF shall have the right to terminate this Agreement immediately upon giving notice of such termination to the Village Media Company. (Page 9) For purposes of this Section 4.4, a ""Change of Control"" shall mean any transaction or series of related transactions that results in (including by way of merger or consolidation), or that is in connection with, the Village Media Company no longer being controlled (as defined in Section 1.2) by or under common control (as defined in Section 1.2) with HOFV."
Change of Control,"Subject to the foregoing, this Agreement shall be binding upon and inure to the benefit of the Parties hereto and their respective permitted successors and assigns; provided, however, Calm may, without the prior written consent of XSPA, assign or otherwise transfer its rights and obligations to an affiliate of Calm or the acquirer of all or substantially all of the assets of Calm; provided, however, that the prior written consent of XSPA shall be required in connection with the assignment to an acquirer of all or substantially all of the assets of Calm if such acquirer's primary business is an airport-based provider of spa services."
Dispute Resolution,"Neither Vyera, nor any of its Affiliates shall directly or indirectly, challenge, or assist any Third Party to dispute or challenge, in a legal or administrative proceeding the patentability, enforceability or validity of any CytoDyn Patents. (Page 27) CytoDyn shall have the right to terminate this Agreement in its entirety upon written notice to Vyera on the occurrence of any of the following: (a) Vyera or any of its Affiliates directly or indirectly, challenges, disputes, or assists any Third Party to dispute or challenge, in a legal or administrative proceeding the patentability, enforceability or validity of any CytoDyn PatentsÕæ"
Change of Control,"In the event that Certegy, or another member of the Certegy Group, shall enter into a Divested Business transaction with respect to the Certegy Group, and the scope of permitted use or other terms applicable to the Licensed Equifax Materials (excluding the Utility Software Programs) under the license or sublicenses granted in this Section 4.1 are required to be modified to effect such transaction, Equifax will, or will cause the sublicensor under the applicable sublicense to, agree to such modifications to the extent (i) required for the transaction to be effected and (ii) not materially detrimental to the interests of the Equifax Group."
Dispute Resolution,"Individual hereby releases and discharges Lifeway from any and all claims, demands, or causes of action in law or equity that he or she may have or may hereafter acquire, including without limitation in connection with any prior use, reuse, publication, reproduction, performance, copy, creation of derivative works, exhibition, broadcast, and display of the name, image and likeness of Individual and any and all claims for libel, slander, invasion of privacy, copyright or trademark violation, right of publicity, or false light, that may arise out of or in connection with the use of the Marketing Materials in accordance with this Agreement."
Change of Control,"The rights of Developer under this Agreement shall immediately cease and be terminated upon the sale or transfer of all or substantially all of the assets of Developer unless an assignment of such rights pursuant to such sale or transfer has been previously approved in writing by DSS. (Page 3) The rights of Developer under this Agreement shall immediately cease and be terminated upon the sale or transfer of no less than a majority of, or a controlling interest in or over, the voting capital or ownership capital of Developer unless an assignment of such rights pursuant to such sale or transfer has been previously approved in writing by DSS."
Change of Control,"This Agreement may be terminated: <omitted> in the event of a Change of Control, the Party which was not subject to the Change of Control may terminate this Agreement upon six (6) months advance written notification. (Page 9) The affected Party is obligated to notify the other Party of its decision to terminate within thirty (30) days following notice of the Change of Control. (Page 9) For purposes of this Agreement, any merger, consolidation, or change of corporate structure following which there is a Change of Control of Kitov shall be considered as an assignment by Kitov, allowing Dexcel to terminate the Agreement as heretofore provided."
Dispute Resolution,"DISTRIBUTOR acknowledges PPG SHANGHAI's exclusive right and interests in relation to the PPG Trademarks and further acknowledges that all copyrights, patent, utility model rights and all other industrial property rights of whatever kind used in or in connection with the Products are the sole and exclusive property of PPG SHANGHAI or PPG and that DISTRIBUTOR will not, whether during the Term of this appointment or after its expiry or termination, knowingly do or cause to be done any act or thing directly or indirectly, contest or in any way impair or attempting to impair PPG SHANGHAI or PPG's rights, titles or interests in the PPG Trademarks."
Warranty,"Within 7 days after the arrival of the goods at destination, should the quality, specification, or quantity be found not in conformity with the stipulations of the Contract except those claims for which the insurance company or the owners of the vessel are liable, the Buyers, on the strength of the Inspection Certificate issued by the China Commodity Inspection Bureau, have the right to claim for replacement with new goods, or for compensation, and all the expenses (such as inspection charges, freight for returning the goods and for sending the replacement, insurance premium, storage and loading and unloading charges etc.) shall be borne by the Sellers."
Dispute Resolution,"During the Term of this Agreement and after its expiration or termination, you agree not to directly or indirectly contest, or aid in contesting, the validity or ownership of the Proprietary Marks or take any action detrimental to our rights in the Proprietary Marks. (Page 20) To accept the validity of the Proprietary Marks as they exist now and in the future and agree that you will not contest the validity of any of the Proprietary Marks at any time; (Page 21) You and all Owners must execute a general release, in a form satisfactory to us, of all claims against us and our past, present and future affiliates, officers, directors, shareholders, agents and employees."
Warranty,"At all times during the Term of this Agreement, Zanotti shall warrant the Products to purchasers of AETRU Systems in accordance with the terms of its standard warranty attached hereto as Exhibit ""C"" ¬†(""End User Warranty""), as such End User Warranty may be modified from time to time by Zanotti, provided however that at no time shall such End User Warranty provide for a warranty coverage period of less than thirty-six (36) months from the time of purchase by the initial end-user. (Page 4) Additionally, Zanotti shall offer to end-users the option to purchase extended warranty coverage for an additional twenty-four (24) months - making the total warranty period sixty (60) months."
Dispute Resolution,"CUSTOMER SHALL RELEASE, DEFEND, INDEMNIFY AND HOLD HARMLESS TRANSPORTER AND TRANSPORTER'S MEMBERS, DIRECTORS, OFFICERS, AGENTS AND EMPLOYEES FROM AND AGAINST ANY AND ALL SUITS, ACTIONS, CAUSES OF ACTION, CLAIMS, DEMANDS, LOSSES, LIABILITIES AND EXPENSES (INCLUDING, WITHOUT LIMITATION, INTEREST, COURT COSTS, REASONABLE ATTORNEYS' FEES AND EXPENSES, AND OTHER COSTS OF DEFENSE) (COLLECTIVELY, ""CLAIMS"") RELATING TO, CAUSED BY OR ARISING OUT OF CUSTOMER'S BREACH OF ANY REPRESENTATION, WARRANTY OR COVENANT MADE BY CUSTOMER HEREUNDER, BUT NOT TO THE PROPORTIONATE EXTENT THAT SUCH CLAIM IS CAUSED BY OR RESULTS FROM OR ARISES OUT OF THE GROSS NEGLIGENCE OR WILLFUL MISCONDUCT OF TRANSPORTER."
Warranty,"In the event that any portion of the shipment fails to conform to the Product Specifications, Astellas shall notify FG within [ * ] of Astellas' receipt of such shipment. (Page 34) In the absence of such notification, Astellas shall be deemed to have accepted the shipment. (Page 34) If Astellas detects at any time any defect in the Lead Compound which has not been found through Astellas' inspection, it shall notify FG to that effect within [ * ] of the discovery of such defect, and the procedures set forth above in this Section 12.7 shall be applied to such defective Lead Compound, provided, that FG shall only be responsible to pay for costs of defects that are the result of FG's gross negligence or willful misconduct."
Warranty,"The Developer hereby warrants and represents that following delivery of the Application System to the Client (which shall be deeded to occur only on the date the Web Application is uploaded to the AWS for distribution) pursuant to Exhibit A (the ""Support Period""), the Application will be free from programming errors and defects in workmanship and materials, and will conform to the specifications of Exhibit A (Page 4) If programming errors or other defects are discovered during the Support Period, the Developer shall promptly remedy those errors or defects at its own expense. (Page 4) The developer will fix any bugs that may come up from the original contract after the 90 days warranty has passed. (Page 4) 90 days warranty (bugfixing) support is included."
Warranty,"The warranty period for all Material (excluding AT&T Provided Equipment) shall commence upon Delivery of such Material to Vendor from the OEM and shall continue for a period equal to the longer of (i) [***] or (ii) the applicable warranty period actually received by Vendor from the OEM for such Material Vendor acquired directly from the OEM, including the Vendor Provided Equipment as defined in the Build Addendum (the ""Material Warranty Period""). (Page 49) The warranty period for workmanship and all Services provided <omitted> hereunder, including the Build Services contemplated in the Build Addendum, shall commence upon Location Acceptance of the applicable Cell Site and continue for a period equal to [***] from Location Acceptance of the applicable Cell Site (the ""Workmanship Warranty Period""). (Pages 49-50)"
Warranty,"Distributor may, no later than one hundred and twenty (120) calendar days after a Product is sold by Distributor to a customer, return to Vendor, at Distributor's expense, any Product received by Distributor from Vendor during the 120-day period prior to such return, which Distributor or its customer believes to be defective. (Page 8) Vendor will provide an initial supply of spare Products and parts as Distributor may reasonably required in accordance with Sections 8 and 10.3 to permit Distributor to offer a six-month warranty on the Products to customers and to enable Distributor to provide a warranty service to customers (Page 9) Although Vendor intends to provide a six-month limited warranty to the end user, Distributor shall make no warranties or representations with respect to the Products on behalf of Vendor"
Warranty,"Changepoint warrants that the Software will perform in substantial accordance with the Documentation, and the media on which the Software is distributed will be free from defects in materials and workmanship under normal use, for a period of one hundred twenty (120) days after delivery of the Software to Corio for Acceptance Testing (the ""Warranty Period""). (Page 8) Changepoint will replace any defective media returned to Changepoint during the Warranty Period. (Page 8) Changepoint warrants that during the Warranty Period: (i) the Licensed Software will conform substantially to the description thereof in the Documentation, and (ii) the media upon which the Licensed Software and Documentation are provided will be free from defects in materials and workmanship. (Page 24) The Warranty Period for the Licensed Software shall mean the period commencing on the Effective Date and ending ninety (90) days thereafter."
Warranty,"Accuray will provide a warranty to each Customer that the Products will be free from material defects and perform substantially in accordance with the written Specifications provided by Accuray as reflected in the regulatory clearance at the time of sale for a period of one (1) year following Installation of the Products at Customer's facility, but not to exceed eighteen (18) months following shipment of such Products to Distributor (""Warranty Period""). (Page 8) Notwithstanding Section 4.6.2, for a period of 10 years following Installation of a System, Accuray will provide to Customer, without charge, Bug Fixes with respect to any software included in the System. (Page 9) Notwithstanding Section 4.6.2 and any obligations according to law, for a period of 10 years following Installation of a System, Accuray will provide to Customer, without charge, Safety Updates with respect to any hardware or software included in the System."
Warranty,"The acceptance specification shall be completed no later than 90 days after the effective date of this Agreement and shall be attached to this agreement as Exhibit F. (Page 3) Upon successful completion of the acceptance testing, LICENSEE shall make the final ""Development License Fee"" payment described in Exhibit C LICENSEE shall, within thirty (30) days after delivery of any Licensed Technology, either accept such Licensed Technology or reject such Licensed Technology because of nonconformance with the Specifications. (Page 3) D2 shall promptly correct any Software License D2 Technologies, Inc. and Maintenance Agreement August 4, 1997 CONFIDENTIAL 12 errors in the Licensed Technology, or failures of the Licensed Technology according to the terms of Article 6 of this Agreement. D2's warranty and error correction obligations with respect to any portion of the Licensed Technology shall extend for a period (the ""Warranty period"") of one year commencing on acceptance of such portion of the Licensed Technology by LICENSEE."
Warranty,"If within one (1) year from the date of completion of Work acceptance, or within one (1) year from the completion of all other work or services and acceptance by EDGE (or within any longer materials warranty period as set forth above), any defects exists or arise, then in each case upon receipt of notice of such defect, Subcontractor shall (unless EDGE chooses another remedy) promptly cause such defect(s) to be repaired or remedied at Subcontractor's sole cost and expense, including but not limited to the costs of transportation, uncovering, removal, disposal, replacement, correction, installation and covering. (Page 7) These warranties extend to the future performance of the materials and shall continue for the longer of (a) the warranty period applicable to EDGE' sales to Customer of the material or of products which incorporate the material, (b) one year after the material is accepted by EDGE or (c) such greater period as may be specified elsewhere in this Agreement. Repaired and replacement material shall be warranted as set forth above in this clause."
Warranty,"The Company hereby warrants that all Products sold to the Customer hereunder, at the time of shipment to the Customer, (a) will be merchantable and of generally commercially salable quality; and (b) will have a then remaining shelf life of at least twelve (12) months. The Company further 8 -7- warrants that the Products have been manufactured, labeled and packaged, and when in the Company's possession or under its control, have been handled, stored and shipped, in compliance with all applicable federal, state and local laws. The Customer's exclusive remedy for a breach of any of the foregoing warranties will be the replacement, at the delivery point thereof, freight prepaid, of any Product furnished hereunder that fails to meet the foregoing standards. In no event will the Company be liable for incidental or consequential damages. All claims by the Customer and/or Agent under this Paragraph 2.6 must be submitted in accordance with the Company's published bulletins concerning such claims, as such bulletins may be amended by the Company from time to time and furnished to the Agent. (Pages 3-4)"
Warranty,"Supplier hereby represents and warrants that the Software shall be and shall remain Operative, from the Delivery Date through the end of the Warranty Period. (Page 18) Following expiration of the Warranty Period and for so long as Bank of America has contracted Supplier to provide Maintenance Services, Supplier represents and warrants that the Software shall remain Operative. (Page 18) If the Software is not Operative at the expiration of the initial Warranty Period, the Warranty Period shall be extended until Supplier makes the Software Operative. (Page 18) This warranty shall not be affected by Bank of America's modification of the Software so long as Supplier can discharge its warranty obligations notwithstanding such modifications or following their removal by Bank of America. (Page 18) Supplier's recovery objectives shall not exceed the following during any recovery period: A. Time to Full Restoration from time of disruption event: 4 hours B. Maximum Data Loss (stated in hours) from time of disruption event: 24 hours C. Percentage Reduction of Service levels: 50% during the 24 hour recovery period"
Warranty,"Notice of all claims arising¬†out¬†of¬†or¬†relating¬†to¬†Obvious¬†Defects¬†shall¬†be¬†given¬†in¬†writing¬†to¬†BII¬†within¬†[...***...]¬†after¬†the¬†date¬†of¬†XENCOR's¬†receipt¬†of¬†Product, otherwise, such Product shall be considered free of any Obvious Defects as between BII and XENCOR. (Page 19) Except¬†as¬†otherwise¬†provided¬†herein¬†and¬†as¬†set¬†forth¬†in¬†Section¬†2.5,¬†XENCOR¬†shall¬†have¬†[...***...]¬†after¬†the¬†date¬†of¬†XENCOR's¬†receipt¬†of Product, for all claims arising out of or relating to any Latent Defects and to reject such delivered Product for Latent Defects; provided, however that XENCOR shall only be permitted to reject the Product if the Acceptance Criteria are not met. (Page 19) In the event XENCOR rejects the Product for Obvious Defects or Latent Defects as provided above, BII shall have the right to sample and retest the Product, which shall be done as soon as <omitted> practicable, provided that, if BII does not notify XENCOR in writing of its election to retest the Product within [...***...] after notice of rejection¬†from¬†XENCOR,¬†BII¬†shall¬†be¬†deemed¬†to¬†agree¬†with¬†XENCOR's¬†rejection¬†of¬†the¬†Product.¬†I (Pages 19-20)"
Warranty,"Warranty Period"" means, (i) for each Bloom System, the period beginning on the day following the date that the ""Warranty Period"" for such Bloom System under and as defined in the MESPA has expired and ending on the twenty-first (21st) anniversary of the date of Commencement of Operations for such Bloom System and (ii) for the BOF, the period beginning on the day following the date that the Section 8.2(b) Warranty for such BOF has expired and ending on the twenty-first (21st) anniversary of such starting date. (Page 15) In the case of a claim relating to the Power Performance Warranty for a One-Year Power Performance Warranty Period, upon receipt of such notice and verification that such One-Year Power Performance Warranty is applicable, Operator shall make a payment to Owner in an amount to be calculated pursuant to Section 2.6; provided that the cumulative aggregate amount of Operator's liability for all claims under this Section 2.5(c) shall not exceed [***] of the aggregate Purchase Price of all Bloom Systems in the Portfolio during the applicable period and the purchase price under the December 30 Bill of Sale (inclusive of any amounts paid or for which a pending claim has been made under the Power Performance Warranty or the Section 8.2(b) Warranty, as applicable, under the MESPA)."
Warranty,"The warranty period for any item of Equipment and related Software shall be twelve (12) months from the date of delivery of such Equipment and related Software to Distributor as set forth in Paragraph 8.1 (hereinafter, this period of time shall be referred to as the ""Initial Warranty Period."") (Page 10) Airspan's obligation and Distributor's sole remedy under this warranty are limited to the replacement or repair, at Airspan's option, of the defective Equipment or Software within the Initial Warranty Period. (Page 10) Subject to the provisions of this warranty clause, defective parts or components must be returned by Distributor to Airspan's designated facility located within the contiguous 48 states in the United States, freight prepaid, within the Initial Warranty Period, and said defective parts will be repaired or replaced by Airspan at no charge to Distributor. (Page 10) Airspan warrants that, following repair or replacement, the repaired or replaced Equipment or Software by Airspan shall be free from defects in materials and faulty workmanship and that the Software will conform in all material respects to Airspan's published specifications therefor for ninety (90) days from date of shipment from Airspan to Distributor or until the end of the Initial Warranty Period, whichever is longer."
Warranty,"For each new Authorized Location, upon written notice by Garman of the completion of the installation of the Software as contracted for in Section 4 including training provided for in Section 5, Sparkling shall operate and test the Software for an acceptance period of 30 business days in accordance with Sparkling's normal operating practices. (Page 2) If Garman does not receive notice of any deficiencies within ten (10) business days after the completion of the acceptance period, then Sparkling shall be deemed to have accepted the Software at that Authorized Location. (Page 2) If during the acceptance period described in Section 6, the Software has failed to perform in accordance with the Specifications and Garman has been unable to correct the deficiency within 45 business days of written notice being provided to Garman of such failure then Sparkling shall have the option, exercisable on 15 business days written notice to Garman, in lieu of any other remedy, to reject the Software. (Page 2) For the acceptance period and for a period of one year from the Maintenance Commencement Date, and thereafter for as long as the Software is covered by Maintenance Services and is used by Sparkling in accordance with this Agreement, Garman warrants that the Software shall perform in conformance with the Specifications in all material respects."
Warranty,"Kitov shall provide Dexcel with written notification of any shortfalls in shipment quantity, and (a) any out-of-specification temperature excursions based on the downloaded data logger information following compliance with the provisions of the Quality Agreement, and/or (b) any failure of the Product to meet the Specifications which are apparent upon visual inspection and/or identification testing of the Product delivered to it by Dexcel (each of (a) and (b) being an ""Apparent Defect""), such notification to be provided within thirty (30) Working Days of receipt of the Product at Kitov's warehouse, accompanied by samples of any such allegedly defective Product and any such Product shall not be removed from quarantine until their status is resolved. (Page 7) In the event that a defect is not apparent upon visual inspection during the shelf life of the Product (""Hidden Defect""), Kitov shall use commercially reasonably best efforts to provide Dexcel with written notification within thirty (30) Working Days of discovering the same, to be accompanied by samples of any such allegedly defective Product, if such samples are available In the event of any failure by Kitov to provide Dexcel with written notification of any such shortfall, Apparent Defect or Hidden Defect within the respective aforementioned periods, it shall be deemed as Kitov having accepted the relevant consignment."
Warranty,"Commerce One warrants that the Software and MarketSite.net Service will perform in substantial accordance with the Documentation, and the media on which the Software is distributed will be free from defects in materials and workmanship under normal use, for a period of sixty (60) days from the Effective Date, but in no event not later than December 31, 1999 (the ""Warranty Period""). (Page 6) In addition, Commerce One warrants that during the Warranty Period the Software and MarketSite.net Service is free of any willfully introduced computer virus, or any other similar harmful, malicious or hidden program or data, which is designed to disable, erase, or alter the Software, or any other files, data, or software. (Page 6) If during the Warranty Period the Software and MarketSite.net Service does not perform in substantial compliance with the Documentation, Commerce One shall take all commercially reasonable efforts to correct the Software and MarketSite.net Service, or if correction of the Software and MarketSite.net Service is reasonably not possible, replace such Software and MarketSite.net Service free of charge. (Page 6) Commerce One will replace any defective media returned to Commerce One during the Warranty Period. (Page 6) In the event any such breach of warranty can not be reasonably corrected at Commerce One's sole expense, Corio has the right to terminate this Agreement and receive a refund of all prepaid fees."
Termination,Either party may terminate this Agreement upon thirty (30) days' written notice to the other party.
Termination,"This Agreement may be terminated immediately by the Company for cause, including any material breach that remains uncured for ten (10) days after notice."
Termination,"The Client may terminate this engagement at any time, for any reason or no reason, upon written notice, without further obligation to the Contractor."
Termination,"Upon termination of this Agreement, all licenses granted herein shall immediately cease, and each party shall return or destroy the other party's Confidential Information."
Termination,"The Company reserves the right to terminate this Agreement at its sole discretion, effective immediately, without prior notice or liability."
Termination,"This Agreement shall terminate automatically upon the completion of the Services described in Exhibit A, unless earlier terminated as provided herein."
Termination,Either party may terminate this Agreement for convenience by providing sixty (60) days' advance written notice.
Termination,"In the event of insolvency, bankruptcy, or assignment for the benefit of creditors by either party, the other party may terminate this Agreement immediately."
Termination,Termination of this Agreement shall not relieve either party of obligations accrued prior to the effective date of termination.
Termination,The Vendor may suspend or terminate access to the Services if payment is not received within fifteen (15) days of the due date.
Termination,This Agreement may be terminated by mutual written consent of both parties at any time.
Termination,"Should either party fail to perform any material obligation under this Agreement and fail to remedy such failure within thirty (30) days of written notice, the non-breaching party may terminate this Agreement."
Termination,"Upon expiration or termination, the Employee shall immediately return all Company property, including devices, documents, and access credentials."
Termination,The Licensor may terminate this license without notice if the Licensee is found to be using the Software in violation of Section 3.
Liability,"In no event shall either party be liable for any indirect, incidental, special, or consequential damages arising out of this Agreement."
Liability,Each party's total cumulative liability under this Agreement shall not exceed the total fees paid in the twelve (12) months preceding the claim.
Liability,"The Contractor's liability under this Agreement shall be unlimited and shall extend to all direct, indirect, and consequential damages, without any cap."
Liability,"Neither party shall be liable to the other for loss of profits, loss of data, or business interruption, regardless of the legal theory asserted."
Liability,The Company shall not be liable for any damages exceeding the amount actually paid by the Client under this Agreement.
Liability,"The Supplier assumes unlimited liability for any and all losses, damages, or claims arising from the use of the Product, with no limitation of any kind."
Liability,"Notwithstanding anything to the contrary, neither party's liability arising from a breach of confidentiality shall be subject to any limitation set forth in this Section."
Liability,"Each party agrees that the other party's maximum aggregate liability arising out of or related to this Agreement shall not exceed $50,000."
Liability,The parties agree that liability for gross negligence or willful misconduct shall not be limited or excluded under this Agreement.
Liability,In no event shall the Vendor's liability for any claim exceed the fees paid by the Customer during the three (3) months preceding the event giving rise to the claim.
Liability,"The Company disclaims any liability whatsoever for damages of any kind, and the Client accepts all risk associated with use of the Services."
Liability,Liability for bodily injury or death caused by a party's negligence shall not be capped under any provision of this Agreement.
Confidentiality,Each party agrees to hold the other party's Confidential Information in strict confidence and not to disclose it to any third party without prior written consent.
Confidentiality,The obligations of confidentiality set forth in this Section shall survive termination of this Agreement for a period of five (5) years.
Confidentiality,"The receiving party shall keep all Confidential Information confidential in perpetuity, with no time limitation whatsoever."
Confidentiality,Confidential Information does not include information that is independently developed by the receiving party or becomes publicly available through no fault of the receiving party.
Confidentiality,Each party shall use the other party's Confidential Information solely for the purpose of performing its obligations under this Agreement.
Confidentiality,"The Employee agrees not to disclose any trade secrets or proprietary information of the Company during or after their employment, without any time limit on this restriction."
Confidentiality,"Upon request, the receiving party shall promptly return or destroy all copies of the disclosing party's Confidential Information."
Confidentiality,"Both parties acknowledge that unauthorized disclosure of Confidential Information may cause irreparable harm, entitling the injured party to seek injunctive relief."
Confidentiality,Confidential Information shall be disclosed only to employees and contractors who have a need to know and are bound by confidentiality obligations no less protective than those herein.
Confidentiality,The Contractor agrees to implement reasonable security measures to protect the confidentiality of all Client data.
Confidentiality,"Notwithstanding the foregoing, a party may disclose Confidential Information as required by law, provided it gives prompt notice to the other party."
Confidentiality,This confidentiality obligation shall not apply to information already known to the receiving party prior to disclosure.
Payment Terms,The Client shall pay all invoiced amounts within thirty (30) days of the invoice date.
Payment Terms,"All fees paid under this Agreement are non-refundable under any circumstances, including early termination."
Payment Terms,"Late payments shall accrue interest at a rate of 1.5% per month, or the maximum rate permitted by law, whichever is lower."
Payment Terms,"The Company reserves the right to suspend Services immediately upon any late payment, without further notice."
Payment Terms,Payment shall be made in U.S. Dollars via wire transfer to the account designated by the Contractor.
Payment Terms,A late fee of $100 shall be assessed for each payment received more than ten (10) days after its due date.
Payment Terms,"The Customer shall reimburse the Vendor for all reasonable, pre-approved out-of-pocket expenses incurred in connection with the Services."
Payment Terms,"All prices are exclusive of applicable taxes, which shall be the sole responsibility of the Client."
Payment Terms,"In the event of a billing dispute, the Client shall notify the Company in writing within fifteen (15) days of the invoice date."
Payment Terms,The Company may increase fees upon sixty (60) days' written notice prior to any renewal term.
Payment Terms,No refunds shall be issued for partial billing periods or unused services.
Payment Terms,Payment obligations under this Agreement are non-cancelable once services have commenced.
Indemnification,"Each party shall indemnify, defend, and hold harmless the other party from any third-party claims arising out of its breach of this Agreement."
Indemnification,"The Contractor agrees to indemnify and hold harmless the Client, its officers, and employees from any and all claims, without any limitation on the scope or amount of such indemnification."
Indemnification,The Vendor shall indemnify the Customer against claims of intellectual property infringement arising from use of the Product as intended.
Indemnification,Each party's indemnification obligations shall be subject to the liability cap set forth in Section 8.
Indemnification,The Client agrees to indemnify the Company for any losses resulting from the Client's misuse of the Services or violation of applicable law.
Indemnification,"The indemnifying party shall have sole control over the defense and settlement of any indemnified claim, provided it does not admit fault on behalf of the indemnified party without consent."
Indemnification,"The Supplier's indemnification obligations extend to all direct and indirect damages, attorney's fees, and costs, with no cap or exclusion of any kind."
Indemnification,Neither party shall be required to indemnify the other for claims arising from the indemnified party's own gross negligence or willful misconduct.
Indemnification,The Licensee shall indemnify the Licensor against any claims arising from unauthorized use or modification of the Licensed Software.
Indemnification,This indemnification obligation shall survive termination or expiration of this Agreement.
Indemnification,"The Company shall indemnify the Reseller for third-party claims related to defects in the Product, up to the amount of fees paid in the preceding year."
Indemnification,Each party agrees to promptly notify the other of any claim for which indemnification may be sought under this Section.
Auto-Renewal,This Agreement shall automatically renew for successive one-year terms unless either party provides written notice of non-renewal at least sixty (60) days prior to the end of the then-current term.
Auto-Renewal,"The subscription will automatically renew each month, and the Customer's payment method will be charged accordingly unless cancelled prior to the renewal date."
Auto-Renewal,This Agreement renews automatically for successive terms of equal length unless terminated by either party in accordance with Section 12.
Auto-Renewal,Failure to provide notice of non-renewal within the required timeframe shall result in automatic renewal of this Agreement under the same terms and conditions.
Auto-Renewal,"The initial term shall be one (1) year, after which this Agreement shall automatically renew for additional one-year periods absent written notice of termination."
Auto-Renewal,"Auto-renewal fees will be charged at the then-current list price, which may differ from the price paid during the initial term."
Auto-Renewal,"Unless cancelled at least ninety (90) days before expiration, this Agreement will automatically extend for an additional two-year term."
Auto-Renewal,The parties acknowledge that this Agreement does not renew automatically and requires a new signed agreement for any extension.
Auto-Renewal,This Agreement's automatic renewal provision may only be waived by mutual written agreement of both parties.
Auto-Renewal,Notice of intent not to renew must be delivered in writing via certified mail no less than forty-five (45) days before the renewal date.
Governing Law,"This Agreement shall be governed by and construed in accordance with the laws of the State of Delaware, without regard to its conflict of laws principles."
Governing Law,"Any dispute arising under this Agreement shall be subject to the exclusive jurisdiction of the courts located in New York County, New York."
Governing Law,This Agreement and any disputes arising hereunder shall be governed by the laws of England and Wales.
Governing Law,"The parties consent to the personal jurisdiction of the state and federal courts located in San Francisco, California."
Governing Law,"This Agreement shall be interpreted under the laws of India, and the courts of Mumbai shall have exclusive jurisdiction over any disputes."
Governing Law,Nothing in this Section shall prevent either party from seeking injunctive relief in any court of competent jurisdiction.
Governing Law,"This Agreement shall be governed by the substantive laws of the State of Texas, excluding its choice-of-law provisions."
Governing Law,The parties agree that Singapore law shall govern this Agreement in its entirety.
Governing Law,Any legal action relating to this Agreement must be brought exclusively in the courts of the jurisdiction where the Company is headquartered.
Governing Law,"This Agreement shall be construed under the laws of the Province of Ontario, Canada."
Dispute Resolution,Any dispute arising out of this Agreement shall be resolved through binding arbitration administered by the American Arbitration Association.
Dispute Resolution,The parties agree to first attempt to resolve any dispute through good-faith negotiation before pursuing formal legal action.
Dispute Resolution,"All disputes shall be resolved exclusively through binding arbitration, and both parties expressly waive their right to a jury trial."
Dispute Resolution,The Client waives any right to participate in a class action lawsuit against the Company arising from this Agreement.
Dispute Resolution,Any controversy arising out of this Agreement shall be settled by mediation prior to initiating arbitration or litigation.
Dispute Resolution,Arbitration proceedings under this Section shall be conducted in English and take place in London.
Dispute Resolution,Nothing in this arbitration clause shall preclude either party from seeking emergency injunctive relief in a court of competent jurisdiction.
Dispute Resolution,The prevailing party in any dispute shall be entitled to recover reasonable attorneys' fees and costs from the other party.
Dispute Resolution,Each party irrevocably waives any right to a trial by jury in any proceeding arising out of this Agreement.
Dispute Resolution,"Disputes valued under $10,000 shall be resolved in small claims court rather than through arbitration."
Force Majeure,"Neither party shall be liable for any failure to perform its obligations due to causes beyond its reasonable control, including acts of God, war, or natural disaster."
Force Majeure,A Force Majeure event shall not excuse either party's obligation to make payments already due under this Agreement.
Force Majeure,"If a Force Majeure event continues for more than sixty (60) days, either party may terminate this Agreement without penalty."
Force Majeure,The affected party shall notify the other party in writing within five (5) business days of the onset of any Force Majeure event.
Force Majeure,"Force Majeure events include, but are not limited to, pandemics, government action, labor disputes, and failures of telecommunications or utilities."
Force Majeure,Neither party shall be excused from performance under this Agreement for any Force Majeure event that was reasonably foreseeable at signing.
Force Majeure,The party affected by a Force Majeure event shall use commercially reasonable efforts to mitigate the impact and resume performance.
Force Majeure,This Section shall not apply to obligations to pay money that has already accrued prior to the Force Majeure event.
Warranty,The Company warrants that the Services will be performed in a professional and workmanlike manner consistent with industry standards.
Warranty,"THE SOFTWARE IS PROVIDED 'AS IS', WITHOUT WARRANTY OF ANY KIND, EXPRESS OR IMPLIED, INCLUDING BUT NOT LIMITED TO WARRANTIES OF MERCHANTABILITY OR FITNESS FOR A PARTICULAR PURPOSE."
Warranty,"The Vendor disclaims all warranties, whether express, implied, or statutory, to the fullest extent permitted by applicable law."
Warranty,The Contractor warrants that the Deliverables will be free from material defects for a period of ninety (90) days following delivery.
Warranty,"Except as expressly set forth herein, neither party makes any warranties, and each party expressly disclaims all implied warranties."
Warranty,"The Company warrants good and clear title to the Products, free of any liens or encumbrances, at the time of delivery."
Warranty,"Any warranty claims must be submitted in writing within thirty (30) days of discovering the defect, or the claim shall be waived."
Warranty,"The Licensor makes no warranty that the Software will be uninterrupted, error-free, or fully compatible with all systems."
Warranty,The Seller warrants that the goods delivered under this Agreement conform to the specifications set forth in Exhibit B.
Warranty,All warranties provided under this Agreement are void if the Product has been modified or misused by the Client.
Intellectual Property,All intellectual property rights in the Deliverables shall vest exclusively in the Client upon full payment of all fees due.
Intellectual Property,The Contractor retains ownership of all pre-existing intellectual property and grants the Client a non-exclusive license to use it solely in connection with the Deliverables.
Intellectual Property,"Any inventions, improvements, or works created by the Employee during the course of employment shall be the sole and exclusive property of the Company."
Intellectual Property,"Each party retains ownership of its own pre-existing intellectual property, and no license is granted except as expressly stated herein."
Intellectual Property,"The Licensee is granted a limited, non-transferable, revocable license to use the Software solely for internal business purposes."
Intellectual Property,"All trademarks, trade names, and logos used in connection with this Agreement remain the exclusive property of their respective owners."
Intellectual Property,"The Company hereby assigns all right, title, and interest in the Work Product to the Client, including all associated intellectual property rights."
Intellectual Property,Any feedback or suggestions provided by the Client regarding the Product may be freely used by the Company without compensation or attribution.
Intellectual Property,Nothing in this Agreement shall be construed to grant either party any rights to the other party's trademarks without prior written consent.
Intellectual Property,"The Vendor grants the Customer a perpetual, worldwide, royalty-free license to use the Deliverables for any purpose."
Non-Compete,"During the term of employment and for twelve (12) months thereafter, the Employee shall not engage in any business that directly competes with the Company within the same geographic market."
Non-Compete,The Contractor agrees not to solicit or provide services to any client of the Company for a period of one (1) year following termination of this Agreement.
Non-Compete,"The Employee shall not, for a period of two (2) years after termination, work for or consult with any direct competitor of the Company anywhere in the world."
Non-Compete,This non-compete restriction shall not apply if the Employee is terminated without cause.
Non-Compete,The Seller agrees not to engage in a competing business within a 50-mile radius of the Company's headquarters for three (3) years following the sale.
Non-Compete,Any non-solicitation obligation under this Section shall extend to both clients and employees of the Company.
Non-Compete,The scope of this non-compete clause is limited to the specific industry and services provided by the Company as of the Effective Date.
Non-Compete,"The Employee acknowledges that this non-compete covenant is reasonable in scope, duration, and geographic area given the nature of the Company's business."
